,level_0,index,id
0,0,0.0,3JvKfv6T31zO0ini8iNItO
1,1,1.0,4Dvkj6JhhA12EX05fT7y2e
2,2,2.0,3zNcn4BaVfKORyx3uDfruW
3,3,3.0,05bfbizlM5AX6Mf1RRyMho
4,4,4.0,3nDNXKBb5fRTuQXpeowWTT
5,5,5.0,5sIdojLOextkMceP5bt9Gc
6,6,6.0,44XjoNvtwevktFKjvVe1vH
7,7,7.0,7MmrcXVA7A5zZ2CbDuGHNa
8,8,8.0,798ahLNEcoFER7Vywg1FMT
9,9,9.0,2dWGQ975YrNma4SdfmJRDg
10,10,10.0,1JXcB149QtbcIpDUA6YZOB
11,11,11.0,2uflssWlCaJ6CbTMOsUpNI
12,12,12.0,4r9jkMEnArtWGH2rL2FZl0
13,13,13.0,0wihfILRNOwE2156Shezc8
14,14,14.0,79HZAZNnOE97rb2hnI0XQr
15,15,15.0,6DoL1yYIwEW7VZMRaJhoJI
16,16,16.0,2C6eINAA8cO6e5a8PjnWsK
17,17,17.0,1O2pcBJGej0pmH2Y9XZMs6
18,18,18.0,6lV9cTvioGWqRXSgfjAUGL
19,19,19.0,4gzsuuZypVbxs0Af1LSZyB
20,20,20.0,30Xh83fw03PZ2Wfm36H4EZ
21,21,21.0,0LKu09Iq053CEUZ5ktQEWc
22,22,22.0,2vsoD8S1OyrWSVIA43hjaU
23,23,23.0,3PpWCS95gDUDRPko3u1MZ9
24,24,24.0,6JUMswocQ7Hp46kj9kyljT
25,25,25.0,6DlIqUlAjLfrmgUdewGf1x
26,26,26.0,4srcMdbm2qzVG98tJajHxp
27,27,27.0,6AizmGCrFRQHru1Qf8WKoJ
28,28,28.0,02jLfqc9gMo8PkHEGHY3OT
29,29,29.0,2dgFqt3w9xIQRjhPtwNk3D
30,30,30.0,1bFY36a62kXGJqNcN5aJkW
31,31,31.0,3zwMVvkBe2qIKDObWgXw4N
32,32,32.0,5Av4jZOAbtY8STz7KPsNDB
33,33,33.0,3JUy6uHdxEGf5cqk7IxDrE
34,34,34.0,3ke6it1vTmHtz2ApcIVUz5
35,35,35.0,1t8sqIScEIP0B4bQzBuI2P
36,36,36.0,2tTmW7RDtMQtBk7m2rYeSw
37,37,37.0,4hceSKjrkDTO0nMKFcb3sj
38,38,38.0,5XeFesFbtLpXzIVDNQP22n
39,39,39.0,0kTMK4gNFfLXaTb62w1UaJ
40,40,40.0,5Fj753yCLyWL699hiiCgoJ
41,41,41.0,0VjIjW4GlUZAMYd2vXMi3b
42,42,42.0,0pqnGHJpmpxLKifKRmU6WP
43,43,43.0,1mlGScrDQqHqmhdIqE8MmA
44,44,44.0,1IHWl5LamUGEuP4ozKQSXZ
45,45,45.0,5ww2BF9slyYgNOk37BlC4u
46,46,46.0,3k3NWokhRRkEPhCzPmV8TW
47,47,47.0,31i56LZnwE6uSu3exoHjtB
48,48,48.0,5Eax0qFko2dh7Rl2lYs3bx
49,49,49.0,0S4w5ZBEbxYxiygvz9wWdK
50,50,50.0,2MnLkFqY9Rpg9s3Zv6ZJdK
51,51,51.0,6Sq7ltF9Qa7SNFBsV5Cogx
52,52,52.0,6Xom58OOXk2SoU711L2IXO
53,53,53.0,5QSYWruQQ7kBCHScI4xJ9g
54,54,55.0,0tbjRQtGuAy1VjBLlOyq3d
55,55,56.0,1797zYiX4cKosMH836X9Gt
56,56,57.0,02mhtclidb7Jpf1gwEasJh
57,57,59.0,0otRX6Z89qKkHkQ9OqJpKt
58,58,60.0,5ZwlnR8yGofZ0669mEh8Xm
59,59,61.0,45WEkgFSP5Af8Huepaj4P1
60,60,62.0,3W5AJtjwTqzYJWhF2iBKAE
61,61,63.0,4mTsRdFE28MYlrZo8N4Es0
62,62,64.0,3CIQuyJQZNNyfkHSyBzwvi
63,63,65.0,2HZLXBOnaSRhXStMLrq9fD
64,64,66.0,3CLSHJv5aUROAN2vfOyCOh
65,65,67.0,6PUIzlqotEmPuBfjbwYWOB
66,66,68.0,71iAechwVKGu26pahzFL0k
67,67,69.0,6i1g5ZRmJZAkDwBaUZ3f2i
68,68,70.0,3kUq4sBcmxhnOtNysZ9yrp
69,69,72.0,7INDea2qgB7TlUgpux3hsg
70,70,73.0,74WROFXsox6wkeUrEK2DS6
71,71,74.0,0fea68AdmYNygeTGI4RC18
72,72,75.0,0zk60VkTH47Mat5WYknHaG
73,73,77.0,6Y5aTqQNbr0LLtxcIXMCH4
74,74,78.0,2CeKVsFFXG4QzA415QygGb
75,75,79.0,1SZMZCqVHIWgyEy2dIHsZR
76,76,80.0,3fjN3y5x4hN53rykAN2LHQ
77,77,81.0,2tFwfmceQa1Y6nRPhYbEtC
78,78,82.0,4xvYZWvfmL7FnWJHZhV1VS
79,79,84.0,0BakJchpLPMO9eVYW6V6k7
80,80,85.0,5Zf8ytWP3Q6LWoTPl4SGHO
81,81,86.0,3ss6y0Id5Iwk2L5MIZp4xF
82,82,88.0,00emjlCv9azBN0fzuuyLqy
83,83,89.0,0EPK3XVvgbe8q0KrS7nEiY
84,84,90.0,3rxBuyFbUbsfslCAliycO7
85,85,91.0,3JkwzHI9Oe3TVl2sYhOHQP
86,86,92.0,1MqzIgGsHP4cNjPboevsfq
87,87,93.0,2abH8STrNnJuYjQBZN0Ggb
88,88,96.0,75FEaRjZTKLhTrFGsfMUXR
89,89,97.0,34lfu3S4fIcKZRNXzbdbo7
90,90,98.0,1iRvhKiXRElIH2Uf4gd95P
91,91,99.0,5ildQOEKmJuWGl2vRkFdYc
92,92,100.0,3GaGWoU1KfVqgl7vnRHP55
93,93,101.0,5gflgO9EPbIBf16n5TKnQS
94,94,102.0,4d4ZXH4dr5bYfgErHiZCX2
95,95,103.0,6C1RD7YQVvt3YQj0CmuTeu
96,96,104.0,1THrLq1IPWwpisMdF9Ivya
97,97,105.0,69Ej1xrGjOcHvIMtMKxK0G
98,98,106.0,1dm6z1fWB0cErMszU25dy2
99,99,107.0,6mmPpaltUZK7xjNlBPQQ0p
100,100,108.0,6nAlJuLlRlpAcq30xIqKJs
101,101,109.0,0bI7K9Becu2dtXK1Q3cZNB
102,102,110.0,6wtZPYBIXUvCpXwVjMCJBf
103,103,111.0,3u2jlo9kygiIAq7SPVuw6S
104,104,115.0,28GCbKgjlVD9eDmasGbe0T
105,105,116.0,52DFe2mMtwlgDP1zwrc9uk
106,106,117.0,3sqrvkNC6IPTIXvvbx9Arw
107,107,118.0,19gjP0BHBkW9aFLQRHyoeC
108,108,119.0,5K5t5MIn1ezm9ujYjBFHaB
109,109,120.0,18iv3wDwKkZPUFdwbVJCrf
110,110,122.0,5ErcJsujfGgRXsTTz7FGRm
111,111,123.0,04cMUwER7r2VwqMCj4kYJ9
112,112,126.0,1JSTJqkT5qHq8MDJnJbRE1
113,113,127.0,3IAfUEeaXRX9s9UdKOJrFI
114,114,129.0,0R7DSnSibvuE4PEHqUayqf
115,115,130.0,1VauUM5CBX7nkLcgafQL2B
116,116,132.0,0UvZcEfpzVyx47QsRbjyBz
117,117,133.0,2NMjggapJcXXM7WccGEBUO
118,118,134.0,6G4U9avyBNEfP0fAIduev3
119,119,135.0,2FSGUA0gFgGeQdprjtGM2M
120,120,138.0,6NSMQFKgjpQb0KkjMDYIK0
121,121,140.0,2KixbV3oLBNrQP2cXwrAC4
122,122,141.0,1bUTLkxM3nMUngIGP0M8ws
123,123,142.0,4eDjNcAyIuJFhQ31Fvvoc1
124,124,143.0,6lX6l7OuA3qrnIRfdsr0dw
125,125,145.0,1oen3GpTcA486fTHaT7neg
126,126,146.0,6hVeDmk4slrvoyolSVdzXp
127,127,147.0,5XmZMfluJQaj0nqszKb5QK
128,128,148.0,4f6rhvJnkH35dl2nRzx1FV
129,129,149.0,0yJi7eb2SosK5CsSnnqc5o
130,130,150.0,1A3T3npKsrElQTjTEcr3LR
131,131,152.0,296nXCOv97WJNRWzIBQnoj
132,132,153.0,388GIamOPzdTrzosK3f8q9
133,133,154.0,3maqY8XwtNEzFbMZymWLrD
134,134,157.0,1p7m9H4H8s0Y7SgRm7j3ED
135,135,158.0,6ipzb1kHhWIxp1tS0vwqPl
136,136,159.0,0akyEssGRVHstqCSWXusJL
137,137,160.0,2z9YkcLojiOE7Eu2p9lPZR
138,138,161.0,5jt25aFjW2kNoBqaEVaz5W
139,139,163.0,2rurDawMfoKP4uHyb2kJBt
140,140,164.0,1UdzJEpgJxtuXAlCOvD4S0
141,141,165.0,3No3zHVwKadKDR00kZdmAB
142,142,166.0,47TyfLrGhYHHyyQWk64d0M
143,143,167.0,1sbNEFiURUYfy024cJX8JG
144,144,169.0,7J02hWxvWMi026FUPXU4nq
145,145,171.0,6qXKkWIJlEYgWOvvnaHVms
146,146,175.0,0tTotZHPsxyjW3jqNJ1td2
147,147,176.0,5nJvKQsFRmCp2i7EiKjZDg
148,148,178.0,4uUG5RXrOk84mYEfFvj3cK
149,149,179.0,6svBgFCnXYst3N8OJJ1XAB
150,150,181.0,6xGruZOHLs39ZbVccQTuPZ
151,151,183.0,4QOhfu7ZdD8PEXRhFjOIT1
152,152,184.0,1DIXPcTDzTj8ZMHt3PDt8p
153,153,186.0,228BxWXUYQPJrJYHDLOHkj
154,154,187.0,2Foc5Q5nqNiosCNqttzHof
155,155,188.0,6bTVP50bbtMtD6RGe2cUoQ
156,156,190.0,1ga4PztXOIw1yBbdUt2X8v
157,157,191.0,1RxOqW0Z3W84ffLqZeo2Y1
158,158,192.0,79zvVrn65ksbiGQxrtV4I5
159,159,193.0,0xJFWROBNTBL4sKEuA5pm6
160,160,194.0,1jq28NGw6wdtFKx8MBPy6C
161,161,195.0,6sna5KCgNbt1ciZtVJCjzx
162,162,196.0,3PmqejsYxlhII2zo7zXtQ8
163,163,198.0,4lgF0pKxpNKbXVNa6TMtJ5
164,164,199.0,71w26UK674tLfGtJFfDSjE
165,165,201.0,7dSZ6zGTQx66c2GF91xCrb
166,166,202.0,2iLegn1UOmpNpQAxcQoGJW
167,167,203.0,7mykoq6R3BArsSpNDjFQTm
168,168,205.0,65UhJ76y8wMOVeN56O5Otu
169,169,206.0,3sOEVB8DirQtZc0qhw8lJc
170,170,209.0,2D0dj3hVkRQJCp63cxCPEx
171,171,211.0,4RVwu0g32PAqgUiJoXsdF8
172,172,212.0,3RiPr603aXAoi4GHyXx0uy
173,173,214.0,3rmo8F54jFF8OgYsqTxm5d
174,174,215.0,6Rpbzk2LC8xWZI93RyodAq
175,175,216.0,3lGMtkONrZdJ8kTCg6KIFf
176,176,217.0,1yoMvmasuxZfqHEipJhRbp
177,177,218.0,3w3y8KPTfNeOKPiqUTakBh
178,178,220.0,0BenZn1xELuxhb7Pjwyjxv
179,179,223.0,4g7118rCobKcU4XQXSFlBS
180,180,224.0,26QApq0cuO9brJigr0C0W4
181,181,225.0,1zsPaEkglFvxjAhrM8yhpr
182,182,226.0,4aMu46vpSBjZEcROBIcE9M
183,183,227.0,5qjSPrKTBqYpgVJSTcgKTd
184,184,228.0,0MEZYGMSPxNwUO4nAdQRBW
185,185,229.0,5Y0ZwhwMEQ7NIb5PeAp0YI
186,186,230.0,6s2T0cUL8fCxivUgxz7sBE
187,187,233.0,5uFqjHOo3Sh0bVPCKf3DdH
188,188,234.0,3T56drS7FjnZgGcOAHlXzx
189,189,235.0,4aceMabp5rzZYoKKXsUffr
190,190,238.0,6qyS9qBy0mEk3qYaH8mPss
191,191,240.0,3N7iMT3k1qja7HL7bfeWY0
192,192,242.0,4h9wh7iOZ0GGn8QVp4RAOB
193,193,243.0,4LRPiXqCikLlN15c3yImP7
194,194,244.0,0cS0bJ0oBylj3TFtz6x9pC
195,195,245.0,07q0QVgO56EorrSGHC48y3
196,196,247.0,7795WJLVKJoAyVoOtCWqXN
197,197,249.0,1RZQ7p4sCvDpcV0rtDmh8l
198,198,250.0,5IgjP7X4th6nMNDh4akUHb
199,199,252.0,5XCa3ygRyz2R9avSi0CYJI
200,200,253.0,2NjSnDtwbq7EveHLdJfv6J
201,201,254.0,6VQ2fI8goSX8mpSvytXkXR
202,202,256.0,0EFxJw34fK8DWlTxx9qYeW
203,203,257.0,4z6wo6PJG4Fve45OXK6D9m
204,204,258.0,5eaLGyPrVG7FbZ5vVnBm93
205,205,259.0,1SCYfmGM5ueb6YiiQbLXVn
206,206,261.0,734dz1YaFITwawPpM25fSt
207,207,262.0,4bQPTF342jVUgisDgJGMDo
208,208,264.0,0MMyJUC3WNnFS1lit5pTjk
209,209,265.0,1mKXFLRA179hdOWQBwUk9e
210,210,266.0,0mBP9X2gPCuapvpZ7TGDk3
211,211,267.0,6RUKPb4LETWmmr3iAEQktW
212,212,268.0,6y8z28epOv5FlaxDv1Lo5B
213,213,269.0,7BqBn9nzAq8spo5e7cZ0dJ
214,214,270.0,4XqXNU8MwPHwbgZmNXmAdc
215,215,271.0,5ChkMS8OtdzJeqyybCc9R5
216,216,272.0,3NqBxTOMCJ3zW9CIP51td4
217,217,273.0,7hynhxDoDpgMIV12JuVtNa
218,218,274.0,4jQzJOg8vrS1fSJIhf0GPp
219,219,275.0,0bVtevEgtDIeRjCJbK3Lmv
220,220,276.0,3F5CgOj3wFlRv51JsHbxhe
221,221,278.0,6ipp8Dhs33KinlF4BStgca
222,222,279.0,1HPzBInBPVJfSUDNLsTGGn
223,223,280.0,5ZyNCQmxZlYZfAHeJXTkI2
224,224,281.0,41oY4WCTj5kccfesTVFnvN
225,225,282.0,2vHcT753gq1ADTPFcDuwSI
226,226,284.0,1nSPlJY53DG3avK6UfpDpZ
227,227,285.0,76fJuFWBqJEujQDLzFCxEL
228,228,287.0,35wvL50xvKpCHEJPxLOLPI
229,229,290.0,0CsUrex3Xgtj8ayUKj5YPL
230,230,291.0,7uAKsykguOnXZSh0WpOW5z
231,231,292.0,7LX4aXtvImhdgUHQBlo8Kp
232,232,293.0,3nqQXoyQOWXiESFLlDF1hG
233,233,294.0,2WigMwGJysIh9fRnSJvpjn
234,234,295.0,748mdHapucXQri7IAO8yFK
235,235,296.0,5FVd6KXrgO9B3JPmC8OPst
236,236,298.0,6hW68oLu3zVoDw0GBwGKHs
237,237,299.0,4JiEyzf0Md7KEFFGWDDdCr
238,238,300.0,7ef4DlsgrMEH11cDZd32M6
239,239,302.0,0IqCoZ168iRc9LqfrYgpZy
240,240,304.0,1AFcJGVt4enuH1gqGw2axN
241,241,305.0,38kLHBjtWJaPXcyFhwRVtI
242,242,306.0,59WN2psjkt1tyaxjspN8fp
243,243,307.0,42lpuSQmnLUM1ZXJVzIVOi
244,244,308.0,75UMtPC77vqKRwfSuYuNPO
245,245,309.0,0ZZdfogjRhEGVI0ouw35tL
246,246,310.0,7FlQk2gJ6TBrHHiidvdR2O
247,247,311.0,1YnVYHXoak0syv4xBRHQRb
248,248,312.0,0aZnyTWJNgdzYoOiaW8HKG
249,249,313.0,1ri9ZUkBJVFUdgwzCnfcYs
250,250,314.0,4f49sFQko7jHLEFd3tCf5p
251,251,316.0,4ZlHgEGwZb3PCq0OWFbhcO
252,252,318.0,704LUEih663hiE3CnyUrFW
253,253,319.0,4aYamw19Hloc6hQlJwWM1y
254,254,320.0,2LIh4uzqq9cXMPzzmcToHl
255,255,321.0,5iHDEI2GIsx3YEa9OXPtRJ
256,256,325.0,2gYj9lubBorOPIVWsTXugG
257,257,327.0,7EQKXlAb6jFOld9IPODbn8
258,258,329.0,6nGeLlakfzlBcFdZXteDq7
259,259,330.0,6YvqWjhGD8mB5QXcbcUKtx
260,260,331.0,4lsOsGMzO1yCjGVucoWOZ1
261,261,334.0,6Pur3hWy6Nzc27ilmsp5HA
262,262,335.0,3scW7pt0vlhkCCgCNv5YR9
263,263,342.0,2naqSVQHgiaoEpxtkVOhmK
264,264,344.0,4HYDUMY0xSpeBr0AMY9cUz
265,265,345.0,69vlMrzHwATKzupwNcUPyK
266,266,346.0,5fhcuVxuBWfgNXGuyAtLmr
267,267,347.0,188Iohmux4LrDaj6e6eeEx
268,268,350.0,2WgyOP8Z1D6GQYumCwH4Dk
269,269,356.0,3nfj9Fdbl30TvcZE9sU0Vx
270,270,357.0,0RYHqnmtNRfbYxP6Dn8Vse
271,271,359.0,5TMLavqGRKNxgzMBrVpC9R
272,272,366.0,4T18CIOag4LfuqqfzyBQmw
273,273,369.0,1l8VIDA3SN6UyfSAnr2ytZ
274,274,373.0,1JpzJfxjHGFUyTHXLZidok
275,275,378.0,4jrXcjE0rKXu4svwQ7IYzD
276,276,379.0,0gMhshO3tLsQzLFzfJW5Jx
277,277,380.0,2PBghI9zJkQEWBzMSMo2Ki
278,278,381.0,4umN41ggyywUcvMbZxhcHR
279,279,382.0,4khWEpnaijN0G1x019Uzdr
280,280,383.0,4wPPqrwwqFPIc5EOkDb6oo
281,281,385.0,3YRCqOhFifThpSRFJ1VWFM
282,282,389.0,2S6z7NH6jUhPlq0pBQNLuV
283,283,390.0,2gLDm4AjVnHlsik9sK87vj
284,284,391.0,0T2pB7P1VdXPhLdQZ488uH
285,285,392.0,3IPJg1sdqLj12kFIndaonN
286,286,393.0,1yAZgqemZMdzkxFsETP2Wr
287,287,394.0,4R8BJggjosTswLxtkw8V7P
288,288,395.0,4h0SQIfkKHJZ1FWVRQbW4H
289,289,397.0,0nDGgXV5oI8TdAmWjUx65l
290,290,398.0,6ksWMnPcHNyNoNf3y1BQCO
291,291,399.0,5R70etCKr7FOqdTqnohNfT
292,292,400.0,5kVZxyMY1gfdCLiChsfjn1
293,293,401.0,3SlKme42qm1vWrkl3BrZmm
294,294,404.0,5YBvKoQDMAd7IjonxPQYFN
295,295,410.0,34v3Sm3KEc7DtGPP50jyrl
296,296,414.0,0qUnBLZ8bJqUNEeQgayL9t
297,297,417.0,4eb9ipvAc5B9zAVdK3cU3D
298,298,420.0,7gwT3HGL84vF7bgtwL1N88
299,299,422.0,5EJ2THuhAapEIeQOtXUQ0x
300,300,423.0,2GQclWZHwE4fMdqShvOPWU
301,301,424.0,3QorC3YeHA1zuGHwGCmBja
302,302,427.0,7CpzHbrYhaqLHUdpfyYUsM
303,303,429.0,0E0DRHf5PfMeor0ZCwB3oT
304,304,430.0,4vCAzANUWDE24URV6wQ4ra
305,305,435.0,3gVsVsmcJG2NBKhWCTHB8Q
306,306,436.0,5FWQiTINv3t4tv5Mek9wGE
307,307,437.0,4TdKZCiVpRYBxHOwTeoq4P
308,308,438.0,1DFnEeH1a4zUh4pIRzopEF
309,309,442.0,2V4hc5gplg7EXlrRUvD4rp
310,310,444.0,5mnpMkzp3Z2RCCbwIEZCbv
311,311,445.0,3ehHqgYRzmeUi345MfHS2N
312,312,446.0,2TDyyEBasw10wu5Uh94bR1
313,313,447.0,0BRbI3ZMPXuj9yA7ChDGOW
314,314,449.0,2q9udNV9NK0BL3q9p6TLxf
315,315,452.0,19CmuECYssqkPWANF4nLWM
316,316,453.0,4tYFy8ALRjIZvnvSLw5lxN
317,317,456.0,5YJ4BVvTFmVCxUyhKejHfR
318,318,458.0,0X5jHsNHshuHNfAWs1sxQ5
319,319,459.0,1MfqPCs3Y722VK6zkWZ98Z
320,320,467.0,7mY1dIaY9vY6Jrlrjg3dRn
321,321,469.0,6D2TCm4nf5nxAcdGJ7w3QP
322,322,470.0,25ZAibhr3bdlMCLmubZDVt
323,323,473.0,26QKsGW4hMuwiEE1ftUMHe
324,324,474.0,6gp2bYLAhqiLxO54Wmt195
325,325,475.0,5Id5B3dxJZhPcV9GzgYZZe
326,326,476.0,62jJgYMqkNuVlOiyscQo15
327,327,477.0,4YFoQUkj0XXJgTiHp8d61y
328,328,478.0,7d7aPD2oxuzjhOZnu4Dj23
329,329,479.0,7k3qWn8D43a5ISa3x8lJux
330,330,480.0,7iwJOi3hlMqZt6pj1sQOBj
331,331,481.0,58h5RuCMWCkstuXckWuRpp
332,332,483.0,7CFcADHXs2wjUxNyyoScEn
333,333,484.0,2ThSBT4fDS83BWu3iMjMRn
334,334,485.0,53fQfzienlCQks52Bztdpt
335,335,486.0,1FEH4cNvTNkBO5tM4mMyag
336,336,487.0,53v2u51nq3CxiKUNphRzP1
337,337,488.0,7fODjB7BrQTGqh0hogW6XD
338,338,489.0,4fcC14xEEHEYS4SClHRzOr
339,339,490.0,2CMXO9bnTzOss5Fc6LhND2
340,340,494.0,1dfsPqH09vnzUWEOsN98Ex
341,341,499.0,0SiywuOBRcynK0uKGWdCnn
342,342,500.0,1YV1mdDQny0j3q1x7GZ6H6
343,343,502.0,4waqcUQWdj0yH26STWl2Rq
344,344,503.0,3NgDulHteTVdF026IxY5bW
345,345,504.0,1c8gk2PeTE04A1pIDH9YMk
346,346,505.0,2Z8WuEywRWYTKe1NybPQEW
347,347,506.0,1xK59OXxi2TAAAbmZK0kBL
348,348,507.0,0JcNysfWVWaMS7R6vzGB2k
349,349,509.0,5M8sNlIjRkalIwXm0sjhx1
350,350,511.0,3XjN0mvFkQp1FMVM9Ro5hm
351,351,514.0,5CzixCxDkRXX9mScCmah8O
352,352,517.0,5KDEqPWSBZzrANHGBlJ8xN
353,353,518.0,0G2zPzWqVjR68iNPmx2TBe
354,354,524.0,6lKRMylSZMtA7EqPl0pcdI
355,355,531.0,7o2CTH4ctstm8TNelqjb51
356,356,533.0,00qBDRxq3cl7R827g8rbzC
357,357,534.0,5clFSlfkCRlhnH1cAQjSBi
358,358,536.0,41wtwzCZkXwpnakmwJ239F
359,359,538.0,0I1mau5VjFZGDmLCpMfTyP
360,360,540.0,4HzqWEdAbzcVFDv0pvxV4w
361,361,549.0,3p6eieHX6oEOzJStPtEsLu
362,362,551.0,0RDqNCRBGrSegk16Avfzuq
363,363,553.0,0l7o1qoJ754BKRlH7uBf2q
364,364,564.0,4fSIb4hdOQ151TILNsSEaF
365,365,567.0,2FNqnsX74ZlwduUAcnmzee
366,366,570.0,3ODWjPcN2heqjInFGpH2KU
367,367,572.0,30W8VKHrAZmHzObnwAoc1u
368,368,573.0,3eFL5cxO22TpyjK3wNb27q
369,369,574.0,1w1wa8RimBZH35IjGz5925
370,370,580.0,5bdmWBCaiaHk2HbqKOXLyJ
371,371,582.0,3B54sVLJ402zGa6Xm4YGNe
372,372,585.0,7DEKa5Z7Cl8s3Y7imb88OM
373,373,589.0,0OTNHGKcqQbk51bOYe462Y
374,374,591.0,6j5LtifAnuTjTYvml61yFZ
375,375,593.0,0nrRP2bk19rLc0orkWPQk2
376,376,595.0,18HOjcvTVV7W8YzBuOsAPS
377,377,596.0,26ucR33snMkRD6JExhoD6I
378,378,597.0,48AJSd42lXpicsGqcgopof
379,379,598.0,6VrQTLzzuyGIYjUDe4kAZk
380,380,600.0,2qEoAz0i6yEz5dPggABcLH
381,381,601.0,0bK3jxkbq5cDKWr68KtO8G
382,382,602.0,4gE4qvNzrjB1htVTCw8n4x
383,383,603.0,5J7teKIJGtqVypgYI6sqXj
384,384,604.0,5y7DaS3jAc9eZzcSOoUIwU
385,385,605.0,6P0XsaYXjfTAP8PzhjNH5M
386,386,607.0,75b0in10fBGdg080unhggN
387,387,612.0,5V1bKI60cPKn4K4g0y8EV1
388,388,616.0,5Sk39LuvdwuvL84jD01Dum
389,389,620.0,6srBp90EwADKAF7PorGiUC
390,390,621.0,2TzkIzgzIHhewMxyh1u4hh
391,391,622.0,5mg6sU732O35VMfCYk3lmX
392,392,624.0,5QLs1kIWkkxcdUBfTkqWBX
393,393,626.0,2vmfvSoZBFAt9hhRoEByLi
394,394,628.0,0gCPvo1GkbtPhMqg5Gbx1K
395,395,629.0,5nZYc9ZDMhlXv6iWahZTU8
396,396,630.0,37PGGNAF1QheeikFCvwqFI
397,397,639.0,4DKDfm5OLW1dIOEAH76Zmg
398,398,641.0,3TY1PFZXmYeiLcXygB74My
399,399,645.0,086myS9r57YsLbJpU0TgK9
400,400,649.0,6Uj1ctrBOjOas8xZXGqKk4
401,401,651.0,7lQ8MOhq6IN2w8EYcFNSUk
402,402,652.0,2QjOHCTQ1Jl3zawyYOpxh6
403,403,653.0,3TDgsL4wDShcS2KSXEUapy
404,404,656.0,6UelLqGlWMcVH1E5c4H7lY
405,405,657.0,0nJW01T7XtvILxQgC5J7Wh
406,406,660.0,0WtM2NBVQNNJLh6scP13H8
407,407,661.0,17jcYtUYRhpPL19fDedfTD
408,408,663.0,5HnyFhrOuU5ykgXkowDkBK
409,409,666.0,0zOEat69HuzDFF8OKEDO3J
410,410,667.0,7dMTCS9BLzBqYTlAuHP8TM
411,411,668.0,0XJxduNJOHmWqLbAoSuI3I
412,412,669.0,1zzxoZVylsna2BQB65Ppcb
413,413,670.0,7LVHVU3tWfcxj5aiPFEW4Q
414,414,671.0,6nek1Nin9q48AVZcWs9e9D
415,415,672.0,51CGbL9BAw1896waeHoR9w
416,416,673.0,7BgIcfAlmUNW6IABxVJcT2
417,417,674.0,4QIo4oxwzzafcBWkKjDpXY
418,418,677.0,7GX5flRQZVHRAGd6B4TmDO
419,419,678.0,1lqJic7VMR7PBlwpPrZuPK
420,420,679.0,27XJv9grlenIhZEPpDdnIY
421,421,680.0,1nT6epkjhga9uBDKrHIWVe
422,422,682.0,2xpkJFCKCevn863vXJli7S
423,423,683.0,3fW5GoO2tYjVGkr99FGzHg
424,424,684.0,24lBVR15wE6fcl7vN5pec1
425,425,685.0,7BlBVFwvbWvcwNcUarQmjk
426,426,686.0,0HINQFSerZ6iMfSsaTO3G5
427,427,687.0,0Ed7MeXx64f6OcIuoTRCg1
428,428,688.0,1E3M0dUlGW3gY9aylkFrpd
429,429,689.0,2YOFMS8hwCVqkc6zsIomVL
430,430,690.0,2nScTN76gNLCfEY70TB44p
431,431,692.0,4bF2y8rR7GUjrd5LNEvej3
432,432,693.0,6Ih6h9g3dUDc4MvIunXv6g
433,433,696.0,3AsfuEnwyMTHS7mbzcRUdV
434,434,702.0,3AJwUDP919kvQ9QcozQPxg
435,435,703.0,10SRMwb9EuVS1K9rYsBfHQ
436,436,706.0,2JPLbjOn0wPCngEot2STUS
437,437,708.0,0lPXFrKyl8HkdQ2E6NmNja
438,438,709.0,0SqqAgdovOE24BzxIClpjw
439,439,710.0,7nDIflSHQXzaa8zupxwv3U
440,440,713.0,0UXlu64mDLvfzR8IXMz06J
441,441,714.0,6mw37eLDDSm4C7VBjAO1Bv
442,442,717.0,7qbPQqOYYMPdQqRqv7bNin
443,443,725.0,7eVu7FI02cTicLEgVtUvwF
444,444,726.0,4IaxDf2FixiQXq0mW7key9
445,445,727.0,776AftMmFFAWUIEAb3lHhw
446,446,728.0,7EZC6E7UjZe63f1jRmkWxt
447,447,729.0,2bzitsPcImYC6DZWvvLCQi
448,448,732.0,6DxS2ZRl8G3EagHkovYXA2
449,449,733.0,2xcHJ5YpRL7wgSfsBnIktB
450,450,734.0,7nhT7NOcyixKV17KLPAzdE
451,451,735.0,2PKb7tFxkwMoS7Y6muOTAR
452,452,736.0,38Wvz7KsraiwRcFQpsq3KU
453,453,738.0,0AAl3LtvIhEilWXZmYHeh5
454,454,739.0,5WVZfMIrS6hbvwG8hpRHCR
455,455,740.0,6K5BsR04ijf3FHNzjbaagD
456,456,742.0,4pN4uE4g6srE6376NDwMJP
457,457,743.0,6M5z2Pca6OuN4l5n5kId3E
458,458,744.0,1nAk42YH4kmPxaoFcLgiSe
459,459,745.0,1djou52IdL1mVEE7gTauxo
460,460,746.0,5q2JbCNi4FcnglgPfxcV65
461,461,748.0,2XuHpCSBb7eo3kiHYF5OIK
462,462,749.0,5kqNIqFjijuzvVLhuY9B8j
463,463,750.0,5bQLsyTrUaMQRfr6whwGe5
464,464,752.0,4jqdgq1hr8U3IIGP7GrlMG
465,465,754.0,0l2Ob0zMIQ21gJn642HyQ1
466,466,755.0,1Z8TPHiKeCUyClxV6WTTIf
467,467,756.0,6fqaMyg066xlukvUJWdM2T
468,468,757.0,7uL1y6VIPolzDR18zJmeU7
469,469,758.0,4949ROnVAzeeye50JPtmV6
470,470,759.0,6aIJhrO0Y4zeDLxLkj2NXk
471,471,760.0,0icOs4M7c2T5bcXJhkugww
472,472,761.0,2fz87OPXKEvq5SOJIt3zTC
473,473,762.0,4rfemi5MiGlTFRJSUqJntu
474,474,763.0,5U1BxaLb298lTYkHNlTWFT
475,475,764.0,4y2jzcZ8Qkfrz3FMQx6QS0
476,476,765.0,4COGASZEbAxmH6k5gYMo6G
477,477,766.0,5trmkRQBlsy814AgSLIiQW
478,478,767.0,7l4cSfrED7RrtT0t5CSOzv
479,479,768.0,7GOaH6nca6tpVIcG7CBM7H
480,480,769.0,5ljCWsDlSyJ41kwqym2ORw
481,481,771.0,7huBdrRj06NhJZFxKsqAYh
482,482,773.0,74Sv6DxU57V7qLm51Hh3GD
483,483,774.0,5GpzV7vCxkwdLloBSZg6Xg
484,484,775.0,7Bk0uXKk1uPT0XuQbpFzvs
485,485,776.0,4jtyUzZm9WLc2AdaJ1dso7
486,486,779.0,02jlumJ9CinnZuyL9HO5gJ
487,487,780.0,2blFjWGr603ReBmTLFTsAM
488,488,782.0,0MT6qJd7wKlWjH7tP7oWHi
489,489,783.0,6lcit9uXRUoCvny2xNpLQl
490,490,784.0,5XHTf4ixuTNyXzJNJSOGtX
491,491,785.0,4NeSiMzOirUy4Vuw8of4Ok
492,492,788.0,5CMtWJRI0MIlpJC3b3WmNj
493,493,789.0,6UfJIFiEhxtJajKzqNgRpl
494,494,790.0,49yoxe9ok6zHA4IUSaz03e
495,495,791.0,3KJ3opyV29269SXkPrc19l
496,496,792.0,0hstVW7UyxAEAUiW8SXr8T
497,497,795.0,7KbF6AdprOXEEHlsq11Z6d
498,498,796.0,3a0P7wE7Gv3ztKND45C3jv
499,499,797.0,2GZmcIwvFeu3NgKu1HJL4u
500,500,799.0,1aUGxXCz9QimNkKeiJtzZ7
501,501,800.0,3nl2V4yl1Vt8EJSM8RhSmJ
502,502,802.0,7M20Runb0WTp2QAknvZJPo
503,503,805.0,1aivk8tZoAz0FYjk8kg7td
504,504,809.0,4chfldJFfWiuuSx1n3mojQ
505,505,810.0,66gkXwXVgxeJc2EXiascni
506,506,812.0,4fV8zuE5GmRCjzl8b3JUgg
507,507,814.0,5ODlTG5qxhCsC05E36Rv25
508,508,816.0,03I0v50PLHMxgP5CjzCwt3
509,509,819.0,3cEPdxvRJHmOHhkKQK25yu
510,510,820.0,21xdo0JRfqsmspfkcH8PlX
511,511,821.0,4OhVcJgt5Jlbdiyn3vpflj
512,512,822.0,0K9k26otcv7ARIqwUhkra9
513,513,823.0,1yJxOLrSluYmWgi8KsXBwD
514,514,824.0,7ioBA8DBEh1lRjlsB31xOs
515,515,825.0,2EJcm670oS7GB2CdndQ2qI
516,516,826.0,71R8HJxQk5qMiRstrlXN9t
517,517,827.0,1aF8orMIC1J0qUGUFuEcqJ
518,518,828.0,1mi2bEDeptRI8HCWzyW3lU
519,519,829.0,4eAWt9AjcjdNk1L2uIhFCT
520,520,830.0,0fxQwCPF7mg6241Bpu9hfH
521,521,832.0,4NqQaovM14WR2hNPMFxgjb
522,522,835.0,5fq4jxlqyjAVFLOB0lZIdT
523,523,836.0,6XHBJ1LSOcVINYXAAd6KIH
524,524,838.0,6hY6LMOTZOWUOZMk4wPW92
525,525,839.0,059bcIhyc2SBwm6sw2AZzd
526,526,841.0,4tUyEos6Bbufj7BLJaQGEJ
527,527,842.0,6T4o4xEh61CpgM9v4jG5DJ
528,528,843.0,0plaZk1lC5Oa8Mr9KgEHsq
529,529,845.0,7vEkRGux8G2Aosqlb0LVN6
530,530,846.0,16w8ZGVSjI4TlTLV8VimBY
531,531,847.0,6Im9k8u9iIzKMrmV7BWtlF
532,532,848.0,6ckz2cLCvhzzdhKQDLq5MP
533,533,849.0,0yyZN5ASdrYu0XYWFzfxUu
534,534,850.0,5Tq8lKSFCtu8dJylUYlRdI
535,535,851.0,06RXzs8liYJ1MoIouZbu5V
536,536,852.0,1Crj1zkRMpsEjb9NOR6Zof
537,537,853.0,5GJBSWrbSZRj0M9yi0nDdS
538,538,854.0,2Nj0AITLBRtBJE0is6zOBS
539,539,855.0,1Wrzhfa5bNlqvsnCztz190
540,540,856.0,6dyUkkcyYuDiHOwIRXYOJm
541,541,857.0,4MZSqgwlE71CWZ6qQ3gkKm
542,542,858.0,1F205Nl2feOSYSztLNOJAL
543,543,859.0,6JyyilCXZPb8fm0tQPqjUZ
544,544,860.0,3GvDCvfTvXB4cp8wwh7Y3k
545,545,861.0,6UJQTS2H8ZuuIdP1GU4oYa
546,546,863.0,1op7nM2R2M6FAU6dSCTRWV
547,547,865.0,4mGRIaDuszXYCTGZfLjjpA
548,548,867.0,3zbrd7Tx6O1Q56rXtMAmqp
549,549,868.0,5VerYcwtt2Xqug4JXF5wKr
550,550,869.0,1c2oYPFni5vth1v9M7fYZb
551,551,870.0,0zoGVO4bQXG8U6ChKwNgeg
552,552,871.0,4Mn0ZD8Pb4xAZgHLtRLM9I
553,553,872.0,4xI3U4sDj1TPmO9Iz5TkYp
554,554,873.0,4ZtFanR9U6ndgddUvNcjcG
555,555,874.0,1oHClQEgDmmbcEx12Kc5nZ
556,556,876.0,73CMRj62VK8nUS4ezD2wvi
557,557,877.0,1TRnIxwWeJoE6MVimzjw2w
558,558,878.0,0jWgAnTrNZmOGmqgvHhZEm
559,559,880.0,5kZhc4Mg9Z06GZg0Yp8ld7
560,560,881.0,5mIOsPuQdXchVY0jB5NO9Q
561,561,882.0,5Mfz3Aoj1txhueNZUXSUnV
562,562,883.0,4PHX6bpHDxiR9RGzAKWcyk
563,563,884.0,6kD7n19O9VEYQwENniEvPi
564,564,885.0,6IoKSUyNOOheJRjiuGb1ew
565,565,886.0,4xzcXQrlMKwvv3kDpvBKWm
566,566,887.0,7KhBQ6XFeAGrQzyT28MWvP
567,567,888.0,6IfMD01z39P15HKezjdaMP
568,568,889.0,2oJ1QO7pGqUk1mOCPZh4W4
569,569,890.0,0K44Tg7YUxocXe237lbwkO
570,570,891.0,0E25sMDvRSgBT2uTBhYlEn
571,571,892.0,6LSNUoYJIOKQiJTlhh1gtu
572,572,893.0,1cMFkY5BbdMdZUdSREUuoW
573,573,894.0,5fF0fb0VFihGDHFshDLi2Z
574,574,896.0,0SF01RPOpRk70ul5pH1Pr3
575,575,897.0,6Gf1FRzam7wnRSXeQ8rGok
576,576,898.0,4ov51gsBbA32vSn4l49sOB
577,577,899.0,11kDth1aKUEUMq9r1pqyds
578,578,900.0,2W9JzlU925cbr7nixdbqE4
579,579,903.0,0BxE4FqsDD1Ot4YuBXwAPp
580,580,904.0,4scwMEdlKi8qWJzzyDB8Z3
581,581,905.0,5gSvWWrkhOAwpcVB1Kbqwz
582,582,906.0,7iL6o9tox1zgHpKUfh9vuC
583,583,907.0,5jzEwSyyymBlf1fa1o39T2
584,584,908.0,68MTDH8Kk4jBEV1ah0n89s
585,585,909.0,4gbVRS8gloEluzf0GzDOFc
586,586,910.0,0tDSgSmZsbxCkdkfUPjg59
587,587,911.0,1ZymB4keoWbIgKYZ0RaO9b
588,588,912.0,4ngTHLSpFwBynEGGOLtSma
589,589,913.0,3Fkx0Tmc8XT6HbfvKppltX
590,590,914.0,065qJCdtzrrZR00htXzIQB
591,591,915.0,2iuZJX9X9P0GKaE93xcPjk
592,592,916.0,1119fSwCrq8AprhyvB3q51
593,593,917.0,2sgFBDGhwtBfJg1YMLW4od
594,594,918.0,6momAqBzux82do31kUfjyj
595,595,919.0,6vnfObZ4Ys70SBAtti1xZ9
596,596,920.0,4iFyPSsKYhWkL6AeH3b3IJ
597,597,921.0,3XbzMSWKdp8FzcQHA9BeXw
598,598,922.0,03edTt5t3pCY5rqVVgAcw4
599,599,923.0,4FFJMmVTeDKKlXYQmgNPMn
600,600,924.0,5B840Ui53HVbqRNJmuZvDF
601,601,928.0,4bYXqO1FV3PppS9dRcQFsP
602,602,929.0,7DbdUf8aHSYoliSjO6LZv6
603,603,930.0,1VvM1DPqJsQnlsDsKVyu3p
604,604,931.0,7mPwkbaoiQ5bf8FPbRJzUr
605,605,932.0,4epHhc2lvhFYzMlKA23O3G
606,606,934.0,3AVrVz5rK8Hrqo9YGiVGN5
607,607,935.0,0ntQJM78wzOLVeCUAW7Y45
608,608,936.0,5CG6tmmeBnwvibjwGogye4
609,609,937.0,2ctjDCCg1wHoQSjIJ8p6U4
610,610,938.0,1YzvboA95UQYZXXG94CZuh
611,611,939.0,7DYz324fKCEotcTmYFVPht
612,612,940.0,56Kb55Pzodbj5cGJcyZW1W
613,613,941.0,5F1aLmVpdvcEQ99gRCpeCi
614,614,942.0,5SBr5SQ6EHUBpDaR6FsYhf
615,615,943.0,6Utgn4AcEjxHvGBYKUVeyv
616,616,944.0,4F8jNgbjriwcgeUOGorXWT
617,617,946.0,3eqOaTqnyb0GEgv6JInG6W
618,618,947.0,5ZFpEsxK5VlLkJi3v7ar2Y
619,619,948.0,2PkTjm1QAJCZbJ9MqC4RqA
620,620,949.0,3AyVRsHBE2bUvL70CRrbpY
621,621,950.0,4Ysa0Wk8rCe2whfUu9D2v2
622,622,951.0,6qwX55K2sBXuJqZpE1FptM
623,623,952.0,3YjsVGrfDWPohbNmsxa4ez
624,624,953.0,2w8C31hIPvJMPD4MDdNTro
625,625,955.0,3afafgQst7OyR2d7vPbJTM
626,626,956.0,0bI5WRiDfU5BY38ufOJtGu
627,627,957.0,2JYYIzs30WeYBnWM89fvXh
628,628,958.0,6ocbgoVGwYJhOv1GgI9NsF
629,629,959.0,5kqIPrATaCc2LqxVWzQGbk
630,630,960.0,0fbd6BKLCLKDJKVZWrVfWM
631,631,961.0,6H167kbd8gY2Eewzf14YjD
632,632,963.0,7yaMuEQfe9D4B9R8nJZxKy
633,633,964.0,02M6vucOvmRfMxTXDUwRXu
634,634,965.0,6TnmQsq1ujYni4hs8inFxJ
635,635,966.0,0yABdzMcJpRkKhVKXjfcUk
636,636,967.0,3XNaesuW7iAy7ynvsiHRBH
637,637,968.0,5h4D1yLBAnRCmKiQZuFdK2
638,638,969.0,4BQFK7uwwKWnNZPonvMKI1
639,639,970.0,5ZRJw7wRC0lTVdomLqYkUv
640,640,971.0,3dPQuX8Gs42Y7b454ybpMR
641,641,972.0,3Rrd9BzuSBNyC2fvvirlwf
642,642,973.0,3sTVMGhTdyyLM67WyYhYMB
643,643,974.0,3A4WD7JkJWq0PgzoVXq337
644,644,975.0,3wlX0yg6NRMDPwOvdPmuLn
645,645,976.0,6Stp4D77eGPSCes1YRlLJy
646,646,977.0,1gH8QigoIquQ3diZp0Ht6l
647,647,979.0,62ppSZlSrkdflEZWXM34gG
648,648,980.0,6I9u1BUOMgesqngW1QdwtS
649,649,981.0,5QYH8Sufitu4q7LQwdYcbv
650,650,982.0,3dbgI7YYYJjjx9so4crOLj
651,651,983.0,7guW1bVC4aTIjxCeZpjbsR
652,652,984.0,7Gyo6lZ9XiRymEjWzoGecm
653,653,985.0,22V0rqyOn48nni9e9Ct5mR
654,654,986.0,1NGExnnzIBF0yNnjgS9LwT
655,655,987.0,6X29iaaazwho3ab7GNue5r
656,656,988.0,4PXViHCnO2LOPHllgOFWjZ
657,657,989.0,7hoohDRzbkPGTdasPX1jBV
658,658,990.0,5bgwqaRSS3M8WHWruHgSL5
659,659,991.0,148pbVhDoBNTPaeLK6Pit3
660,660,992.0,52ZI5nsIiC5Zh6z5ufTYAK
661,661,993.0,3AncVybdw2UmiT8ulIGScN
662,662,994.0,4maJSfA7zHAgEWVPEHSiDb
663,663,995.0,53vfp1MRQUvnpedX7QXzfW
664,664,996.0,5Cu9Brgk3Q9SHUfzPhT0uJ
665,665,997.0,4q3qk89ETeXBs6O5mvy5lZ
666,666,998.0,5Rgufk10YnTS4vpL7QFVIe
667,667,999.0,7AEocndA5Xg5mpOmeLabWe
668,668,1000.0,5NLyHtyUjPsiovXOAoU46w
669,669,1001.0,1oEgmf8WOKdeTFDJkRy7oX
670,670,1002.0,5dSKNtzC9Ikx8Yr01cFzps
671,671,1003.0,4Qhrm7g3QItkvInW5zgvaV
672,672,1004.0,1mg90rolr4JdohAwpvj3Wx
673,673,1005.0,0INCLsZgwZDDjs7Ij0B0ZL
674,674,1006.0,2zkfyPrPY0OlFJuui5j5FE
675,675,1007.0,609SDGj0txmlAXRrpwee9Y
676,676,1008.0,1w7zjKaeOxDl58tW4ts7A3
677,677,1010.0,1qK4830EG5YngADg3t6hjQ
678,678,1011.0,5PQ2KpEc2jkJ1gNCnYVzwN
679,679,1012.0,1v7L65Lzy0j0vdpRjJewt1
680,680,1013.0,4qEzWKaYrNhSilHOwRiGSj
681,681,1014.0,0v8tmDMQrTMavluubqAJo4
682,682,1015.0,1rqb2FCXVn2HNL1afJEnTr
683,683,1016.0,6qI0MU175Dk2DeoUjlrOpy
684,684,1017.0,23KVefoON2iEz1dh940quQ
685,685,1018.0,4ZhPLoMzZwewHLLjV1J15c
686,686,1019.0,06KyNuuMOX1ROXRhj787tj
687,687,1020.0,38jy6kRlPt8z1GUS9WXeNh
688,688,1021.0,0EtuSDTRJYUwlPf4y6coIz
689,689,1022.0,2TksvaRivgAEj780DgRB73
690,690,1023.0,0f0EV02n2JdUFFoKU1jUPq
691,691,1024.0,27RSJHEA99Y0Vsow7nA37A
692,692,1025.0,7H3bV5VsjmGfXdZHRqxH89
693,693,1026.0,4bEcoz1OcfMgUbp2ft8ieQ
694,694,1027.0,1CgbwsrNDlFrRuk2ebQ7zr
695,695,1028.0,3V8UKqhEK5zBkBb6d6ub8i
696,696,1029.0,1I8tHoNBFTuoJAlh4hfVVE
697,697,1030.0,51EC3I1nQXpec4gDk0mQyP
698,698,1031.0,35EHiyGqAffU5VUyrsuq3v
699,699,1033.0,16J6wH4Evm97ta1hDQIYQC
700,700,1034.0,2dNhNlpZAtV4lwAFW45LIv
701,701,1035.0,5YaskwnGDZFDRipaqzbwQx
702,702,1036.0,0CgpCtEPvyDizcg2p47VrU
703,703,1037.0,2ANeBRTHe6N0dq7dz7CaVJ
704,704,1038.0,17yFjZSYYRT4n3t99TuqTu
705,705,1040.0,278kSqsZIiYp8p3QjYAqa8
706,706,1041.0,2TV5peMu6MRFONxHHE9ZrV
707,707,1042.0,5dPy3sVgBlE7HSbI3n6LOp
708,708,1043.0,6xWsenPVRbG7KJFm8jpSkJ
709,0,,0V3wPSX9ygBnCm8psDIegu
710,1,,4Dvkj6JhhA12EX05fT7y2e
711,2,,44XjoNvtwevktFKjvVe1vH
712,3,,2TDyyEBasw10wu5Uh94bR1
713,4,,3JvKfv6T31zO0ini8iNItO
714,5,,68QcquxCS39cQGTsRrJWIR
715,6,,3vKYvbzB7801a5qd47pxkm
716,7,,7MmrcXVA7A5zZ2CbDuGHNa
717,8,,5sIdojLOextkMceP5bt9Gc
718,9,,05bfbizlM5AX6Mf1RRyMho
719,10,,2uflssWlCaJ6CbTMOsUpNI
720,11,,0KAqMRUSZwzG3dZLdDA4eH
721,12,,0wihfILRNOwE2156Shezc8
722,13,,4r9jkMEnArtWGH2rL2FZl0
723,14,,3zNcn4BaVfKORyx3uDfruW
724,15,,63OA8vSo2PhUkmQopR1l64
725,16,,43yyvWNjl3yWpghcrxZYkr
726,17,,3nDNXKBb5fRTuQXpeowWTT
727,18,,63bmZnBN1CiJ9sA4qTEe8y
728,19,,79HZAZNnOE97rb2hnI0XQr
729,20,,4MUtM58geV6B2NGv8ckspv
730,21,,798ahLNEcoFER7Vywg1FMT
731,22,,6lV9cTvioGWqRXSgfjAUGL
732,23,,0V0350NvG0jvbiUTXPzIXU
733,24,,1JXcB149QtbcIpDUA6YZOB
734,25,,6NSMQFKgjpQb0KkjMDYIK0
735,26,,0LKu09Iq053CEUZ5ktQEWc
736,27,,0fuyLaeHh0TvQ65m5ojgP2
737,28,,3jbT1Y5MoPwEIpZndDDwVq
738,29,,6DoL1yYIwEW7VZMRaJhoJI
739,30,,2C6eINAA8cO6e5a8PjnWsK
740,31,,4iFTIshL0xDCw8JJUl5AJ3
741,32,,2dWGQ975YrNma4SdfmJRDg
742,33,,4gzsuuZypVbxs0Af1LSZyB
743,34,,4srcMdbm2qzVG98tJajHxp
744,35,,2CeKVsFFXG4QzA415QygGb
745,36,,30Xh83fw03PZ2Wfm36H4EZ
746,37,,1O2pcBJGej0pmH2Y9XZMs6
747,38,,4gdQKZciSp8sZRUwoqwXAM
748,39,,3PpWCS95gDUDRPko3u1MZ9
749,40,,7iwJOi3hlMqZt6pj1sQOBj
750,41,,0T2pB7P1VdXPhLdQZ488uH
751,42,,6DlIqUlAjLfrmgUdewGf1x
752,43,,6AizmGCrFRQHru1Qf8WKoJ
753,44,,1sbNEFiURUYfy024cJX8JG
754,45,,5NxhMcHSVY3Z7ykWxZf3aj
755,46,,6JUMswocQ7Hp46kj9kyljT
756,47,,02jLfqc9gMo8PkHEGHY3OT
757,48,,1SZMZCqVHIWgyEy2dIHsZR
758,49,,2vsoD8S1OyrWSVIA43hjaU
759,50,,2tTmW7RDtMQtBk7m2rYeSw
760,51,,1IHWl5LamUGEuP4ozKQSXZ
761,52,,3k3NWokhRRkEPhCzPmV8TW
762,53,,0VjIjW4GlUZAMYd2vXMi3b
763,54,,6TsVhM8qIkWN5cJVDIVbbz
764,55,,4j4w4CXm6BSr0s25wAWrrX
765,56,,31i56LZnwE6uSu3exoHjtB
766,57,,5Eax0qFko2dh7Rl2lYs3bx
767,58,,4u7EnebtmKWzUH433cf5Qv
768,59,,6P0XsaYXjfTAP8PzhjNH5M
769,60,,6HNsJQihjxODgGWQafAJau
770,61,,26w9NTiE9NGjW1ZvIOd1So
771,62,,2JPLbjOn0wPCngEot2STUS
772,63,,6Xom58OOXk2SoU711L2IXO
773,64,,0kTMK4gNFfLXaTb62w1UaJ
774,65,,6Sq7ltF9Qa7SNFBsV5Cogx
775,66,,3Wrjm47oTz2sjIgck11l5e
776,67,,0fea68AdmYNygeTGI4RC18
777,68,,6IfMD01z39P15HKezjdaMP
778,69,,0HqZX76SFLDz2aW8aiqi7G
779,70,,5ww2BF9slyYgNOk37BlC4u
780,71,,6DUdDIRgLqCGq1DwkNWQTN
781,72,,41oY4WCTj5kccfesTVFnvN
782,73,,5ChkMS8OtdzJeqyybCc9R5
783,74,,0S4w5ZBEbxYxiygvz9wWdK
784,75,,0pqnGHJpmpxLKifKRmU6WP
785,76,,1mlGScrDQqHqmhdIqE8MmA
786,77,,4tYFy8ALRjIZvnvSLw5lxN
787,78,,1797zYiX4cKosMH836X9Gt
788,79,,6VrQTLzzuyGIYjUDe4kAZk
789,80,,4ObjArCiona7v0xbZ83rUZ
790,81,,2MnLkFqY9Rpg9s3Zv6ZJdK
791,82,,0R7DSnSibvuE4PEHqUayqf
792,83,,5QSYWruQQ7kBCHScI4xJ9g
793,84,,6oPzWRP2VSZf8EMq5WeL03
794,85,,08mG3Y1vljYA6bvDt4Wqkj
795,86,,5clFSlfkCRlhnH1cAQjSBi
796,87,,6v3fbkLKRH6jsa6dho9ocx
797,88,,1xUd3t6zmrAC08LrWKEBrC
798,89,,6lX6l7OuA3qrnIRfdsr0dw
799,90,,2wmusRbeSfEkMKjT3wG57l
800,91,,0EFxJw34fK8DWlTxx9qYeW
801,92,,02mhtclidb7Jpf1gwEasJh
802,93,,2iLegn1UOmpNpQAxcQoGJW
803,94,,3fjN3y5x4hN53rykAN2LHQ
804,95,,0I1mau5VjFZGDmLCpMfTyP
805,96,,5M8sNlIjRkalIwXm0sjhx1
806,97,,1SCYfmGM5ueb6YiiQbLXVn
807,98,,1xzi1Jcr7mEi9K2RfzLOqS
808,99,,6aommJFM8i3iT4inKuDSXh
809,100,,70LcF31zb1H0PyJoS1Sx1r
810,101,,71wFwRo8xGc4lrcyKwsvba
811,102,,7DhYjNLksXZhbRQeheAums
812,103,,4vDATUrseHk0LEVGF3R0qt
813,104,,2ctjDCCg1wHoQSjIJ8p6U4
814,105,,2iwUrxb6vmPcEyLtP9eQBd
815,106,,4omjTX6ionH8ivsCxS7aMJ
816,107,,0WtM2NBVQNNJLh6scP13H8
817,108,,63tjT4jMTNPeHxhVzzqX0C
818,109,,6EBCH7GySOWABjvKwkwnqH
819,110,,4eTK0fIqobQhfB5DlkcNcI
820,111,,6zSpb8dQRaw0M1dK8PBwQz
821,112,,3UI9I3e1g1y5T3SMfdgfGO
822,113,,2ChhNgirdVlnOMldkywi0F
823,114,,3kUq4sBcmxhnOtNysZ9yrp
824,115,,2tFwfmceQa1Y6nRPhYbEtC
825,116,,6T8q5MKIssjaPAriW9D90E
826,117,,1FlL8ycld6uVDDyhV7P5FA
827,118,,71iAechwVKGu26pahzFL0k
828,119,,4f49sFQko7jHLEFd3tCf5p
829,120,,5OX1JvE7gTkOd1DSzlrtFw
830,121,,18pWcEUcUJpBFs7eNBsBht
831,122,,6i1g5ZRmJZAkDwBaUZ3f2i
832,123,,3l9YiADzNmEvBfZVPEF49F
833,124,,5S7FewmYYyLNdMOfeEcB6P
834,125,,6eP29HuqLSONvO7xTb5dSH
835,126,,3yIyUQXF050PehHtbkgaDu
836,127,,7INDea2qgB7TlUgpux3hsg
837,128,,74WROFXsox6wkeUrEK2DS6
838,129,,4xvYZWvfmL7FnWJHZhV1VS
839,130,,1A7rUacip28yYERtzuQZ55
840,131,,748TYQSNoIN4p7W8damq2u
841,132,,1JpzJfxjHGFUyTHXLZidok
842,133,,3FhGRaF1qZYI56jhdq5Ppq
843,134,,5Zf8ytWP3Q6LWoTPl4SGHO
844,135,,3ss6y0Id5Iwk2L5MIZp4xF
845,136,,47EiUVwUp4C9fGccaPuUCS
846,137,,5ildQOEKmJuWGl2vRkFdYc
847,138,,5FVd6KXrgO9B3JPmC8OPst
848,139,,4MzXwWMhyBbmu6hOcLVD49
849,140,,0vkcyC4KUteZGNYAzTLSv0
850,141,,6C1RD7YQVvt3YQj0CmuTeu
851,142,,53tfEupEzQRtVFOeZvk7xq
852,143,,1iRvhKiXRElIH2Uf4gd95P
853,144,,3GaGWoU1KfVqgl7vnRHP55
854,145,,1BvoLDKmotg5dqfVW8y8KR
855,146,,4d4ZXH4dr5bYfgErHiZCX2
856,147,,1dm6z1fWB0cErMszU25dy2
857,148,,2pIIRKRwWSi1Sb29VYLOOa
858,149,,1Wrzhfa5bNlqvsnCztz190
859,150,,6MwSbvPynzAsQ9IiVs5f9m
860,151,,1THrLq1IPWwpisMdF9Ivya
861,152,,69Ej1xrGjOcHvIMtMKxK0G
862,153,,5gflgO9EPbIBf16n5TKnQS
863,154,,2N2yrmodOnVF10mKvItC9P
864,155,,4fSIb4hdOQ151TILNsSEaF
865,156,,2lpIh6Gr6HYjg1CFBaucS5
866,157,,5qaEfEh1AtSdrdrByCP7qR
867,158,,6nAlJuLlRlpAcq30xIqKJs
868,159,,6wtZPYBIXUvCpXwVjMCJBf
869,160,,1j6xOGusnyXq3l6IryKF3G
870,161,,4aMu46vpSBjZEcROBIcE9M
871,162,,0bI7K9Becu2dtXK1Q3cZNB
872,163,,1qfoq1qvZT7VwDVeekCJ97
873,164,,0HINQFSerZ6iMfSsaTO3G5
874,165,,0rvbMTIWwMZaMC9UnubDPb
875,166,,2WtLhvwJX3czRVuFtUgZ6i
876,167,,6mmPpaltUZK7xjNlBPQQ0p
877,168,,6ZOcbKub95XSDESsKKuH41
878,169,,0MWYdCwez4qHJok0df6hbV
879,170,,28GCbKgjlVD9eDmasGbe0T
880,171,,48AJSd42lXpicsGqcgopof
881,172,,3u2jlo9kygiIAq7SPVuw6S
882,173,,1UdzJEpgJxtuXAlCOvD4S0
883,174,,5uJWQVYH6Xq3ChSFx8AU6s
884,175,,0hzC5kZ6qKZJ9ybyW75VV8
885,176,,1l8VIDA3SN6UyfSAnr2ytZ
886,177,,12RaiccXZ5yIDrHt4c5ngZ
887,178,,3IAfUEeaXRX9s9UdKOJrFI
888,179,,2NMjggapJcXXM7WccGEBUO
889,180,,4SJHHpKhcuXwDsCsPqshXj
890,181,,0UvZcEfpzVyx47QsRbjyBz
891,182,,3b1IQflSLrgzYQPGFzI9cl
892,183,,6Z8R6UsFuGXGtiIxiD8ISb
893,184,,1JSTJqkT5qHq8MDJnJbRE1
894,185,,1VauUM5CBX7nkLcgafQL2B
895,186,,614NVFo5csQqRnryl4jXs2
896,187,,3pjW5482iWgJVqQOpu4AG9
897,188,,6G4U9avyBNEfP0fAIduev3
898,189,,2FSGUA0gFgGeQdprjtGM2M
899,190,,3kcj2zzabr8qnR4MnMeWv2
900,191,,39C3ENLwwHM7u8HeeZ49n3
901,192,,7ef4DlsgrMEH11cDZd32M6
902,193,,4vCAzANUWDE24URV6wQ4ra
903,194,,0MT6qJd7wKlWjH7tP7oWHi
904,195,,3WdR6kP1JJm2kDLaL6nAyH
905,196,,18onJmAJLKbrQVEt9IiKs1
906,197,,1MfqPCs3Y722VK6zkWZ98Z
907,198,,7q72vajxaywdWMdena6o54
908,199,,2BzPF9dX13wqEAo5a3XPR2
909,200,,4aEOz6ZpXh3wF4FOdJHOPV
910,201,,48svUiwMMYQRPyesVEnof1
911,202,,5CVMsPYtSJ3l7UxYiI2lt7
912,203,,5WVZfMIrS6hbvwG8hpRHCR
913,204,,4C8KFz9tPZjIsMfFh9NnJ9
914,205,,73lC7gD1EKomxcuXRn7qRR
915,206,,2iZZoJHrohOxAxlK6o2Awg
916,207,,0bK3jxkbq5cDKWr68KtO8G
917,208,,2KixbV3oLBNrQP2cXwrAC4
918,209,,5JhUm1v5AbI5Yu6jLKCPRO
919,210,,4eDjNcAyIuJFhQ31Fvvoc1
920,211,,1bUTLkxM3nMUngIGP0M8ws
921,212,,62jJgYMqkNuVlOiyscQo15
922,213,,3ODWjPcN2heqjInFGpH2KU
923,214,,2oeyvFG0mFFDHUxhPVObNk
924,215,,0d28khcov6AiegSCpG5TuT
925,216,,3nqQXoyQOWXiESFLlDF1hG
926,217,,7Bk0uXKk1uPT0XuQbpFzvs
927,218,,0akyEssGRVHstqCSWXusJL
928,219,,1p7m9H4H8s0Y7SgRm7j3ED
929,220,,7LVHVU3tWfcxj5aiPFEW4Q
930,221,,7EkWXAI1wn8Ii883ecd9xr
931,222,,2z9YkcLojiOE7Eu2p9lPZR
932,223,,6ipzb1kHhWIxp1tS0vwqPl
933,224,,5ZFpEsxK5VlLkJi3v7ar2Y
934,225,,2rurDawMfoKP4uHyb2kJBt
935,226,,29csiYMOfBmLmGwxmISrMy
936,227,,5jt25aFjW2kNoBqaEVaz5W
937,228,,3No3zHVwKadKDR00kZdmAB
938,229,,4sIVl8rmGPDemhnod4JID3
939,230,,47TyfLrGhYHHyyQWk64d0M
940,231,,6mAN61JH0dzyZpWslS11jy
941,232,,7q3LolFezXFZttcirStxsD
942,233,,7J02hWxvWMi026FUPXU4nq
943,234,,6Rpbzk2LC8xWZI93RyodAq
944,235,,6qXKkWIJlEYgWOvvnaHVms
945,236,,4HehbhlVK81hZT5Yg7QmiR
946,237,,1zsPaEkglFvxjAhrM8yhpr
947,238,,2x0I3l8yQ26xj2zkEl9aNp
948,239,,5XJWVLhYE2tsa5vXlcgT3N
949,240,,79lKuspcJy1ROKkCxh6TZD
950,241,,1G5rMuBltKhOavItlryMIO
951,242,,6xGruZOHLs39ZbVccQTuPZ
952,243,,45S5WTQEGOB1VHr1Q4FuPl
953,244,,2Foc5Q5nqNiosCNqttzHof
954,245,,0xJFWROBNTBL4sKEuA5pm6
955,246,,4ZtFanR9U6ndgddUvNcjcG
956,247,,228BxWXUYQPJrJYHDLOHkj
957,248,,1DIXPcTDzTj8ZMHt3PDt8p
958,249,,1ga4PztXOIw1yBbdUt2X8v
959,250,,43NqTeL8pgBxKHPMiJKUP5
960,251,,6bTVP50bbtMtD6RGe2cUoQ
961,252,,7rj8aNwZqTvrUeLlAyNWtZ
962,253,,1zLBsSVxETQOfINOLYvT5m
963,254,,6DCZcSspjsKoFjzjrWoCdn
964,255,,4uUG5RXrOk84mYEfFvj3cK
965,256,,18qnAiJIZRemeBljaZtokk
966,257,,7npLlaPu9Mfno8hjk5OagD
967,258,,1tuTseABjB4eJ4Dpv3L1lK
968,259,,6gBFPUFcJLzWGx4lenP6h2
969,260,,4VTb5wB46sZDsfL8XgroGt
970,261,,79zvVrn65ksbiGQxrtV4I5
971,262,,6sna5KCgNbt1ciZtVJCjzx
972,263,,71w26UK674tLfGtJFfDSjE
973,264,,7dSZ6zGTQx66c2GF91xCrb
974,265,,4QNpBfC0zvjKqPJcyqBy9W
975,266,,7FlQk2gJ6TBrHHiidvdR2O
976,267,,6FY8Imjs6YSglIAqnbU9mM
977,268,,4SjQFZCBIFiLyu8MqDdZGy
978,269,,5JFLXnWbJ0gsLFalPc5vpH
979,270,,0Xn1VqBjoL4PAGxyatEO0Z
980,271,,1Sym1HsTqsa2pYKhYL1j15
981,272,,5WFN1E9tna7ThkRCy9BJrY
982,273,,3PmqejsYxlhII2zo7zXtQ8
983,274,,1ri9ZUkBJVFUdgwzCnfcYs
984,275,,6si8DH4KS3qLuC1JEIyCBv
985,276,,0KjEYmw0KaSg3uXS0GU7un
986,277,,0aZnyTWJNgdzYoOiaW8HKG
987,278,,4W6TtKwuKDNkeAp6UhEu7h
988,279,,3p6eieHX6oEOzJStPtEsLu
989,280,,2TCklWS3S4Zg6e2m2MBoYm
990,281,,6yMJejrOneyPtkDnrZkEVQ
991,282,,4RVwu0g32PAqgUiJoXsdF8
992,283,,4xqrdfXkTW4T0RauPLv3WA
993,284,,4LRPiXqCikLlN15c3yImP7
994,285,,1yoMvmasuxZfqHEipJhRbp
995,286,,3ZFTkvIE7kyPt6Nu3PEa7V
996,287,,3lGMtkONrZdJ8kTCg6KIFf
997,288,,3RiPr603aXAoi4GHyXx0uy
998,289,,0BenZn1xELuxhb7Pjwyjxv
999,290,,2tGvwE8GcFKwNdAXMnlbfl
1000,291,,5stPVcRqb4qixbafP9e8lt
1001,292,,26QApq0cuO9brJigr0C0W4
1002,293,,44K4LI40g4OJyw8tGg04lk
1003,294,,3w3y8KPTfNeOKPiqUTakBh
1004,295,,40riOy7x9W7GXjyGp4pjAv
1005,296,,3VvA1wSxukMLsvXoXtlwWx
1006,297,,4pqvL9syZivuaD7FpXTcRb
1007,298,,2zYzyRzz6pRmhPzyfMEC8s
1008,299,,7nhkldJTbI3A0RdjrogFk9
1009,300,,5Y0ZwhwMEQ7NIb5PeAp0YI
1010,301,,0Z2OhR9OoUdZ9rhEy9ECkq
1011,302,,5IvtM7kKd6XJ8VLvzhLax2
1012,303,,4PEfJZpVjdclfzZ9XO8uDw
1013,304,,2LawezPeJhN4AWuSB0GtAU
1014,305,,06s3QtMJVXw1AJX3UfvZG1
1015,306,,0MEZYGMSPxNwUO4nAdQRBW
1016,307,,6s2T0cUL8fCxivUgxz7sBE
1017,308,,3drX9qfgIN289mThVNUUZA
1018,309,,3IPJg1sdqLj12kFIndaonN
1019,310,,3NM6P6ZQMk2X0qQBkVzVMo
1020,311,,7JEnT0uFWcwZqNZWv7hC9N
1021,312,,1IidViHpUaEASL36jjPsK0
1022,313,,1xK59OXxi2TAAAbmZK0kBL
1023,314,,0BrSwpuTIJS31RMAggciAj
1024,315,,5qjSPrKTBqYpgVJSTcgKTd
1025,316,,1bRex9K0O9h0Nr5vD2M8AQ
1026,317,,58zE9NyMKGTpzV5J8WyXXe
1027,318,,0pun4MhG5MyE7jwyxKGCcd
1028,319,,7M1V1iAPOd0wfuyePi3XDr
1029,320,,5XeFesFbtLpXzIVDNQP22n
1030,321,,4h9wh7iOZ0GGn8QVp4RAOB
1031,322,,7795WJLVKJoAyVoOtCWqXN
1032,323,,38RIEav39FGi86jppxO0du
1033,324,,4knc1Fp3kbuq8bH2byOvLu
1034,325,,07q0QVgO56EorrSGHC48y3
1035,326,,4pt5fDVTg5GhEvEtlz9dKk
1036,327,,0cS0bJ0oBylj3TFtz6x9pC
1037,328,,6VQ2fI8goSX8mpSvytXkXR
1038,329,,2RVBj5aLdJPg1DZi5a0if1
1039,330,,4kLLWz7srcuLKA7Et40PQR
1040,331,,6r46lnXFbE9fr2d3KNaGbe
1041,332,,44wt2Rpp3laN60j9HtvfD8
1042,333,,0v1XpBHnsbkCn7iJ9Ucr1l
1043,334,,7iL6o9tox1zgHpKUfh9vuC
1044,335,,1iZYNzs7DKdsP5UbEI8wFt
1045,336,,78dbqYDvx6FOefROApu9w0
1046,337,,60a0Rd6pjrkxjPbaKzXjfq
1047,338,,4SqWKzw0CbA05TGszDgMlc
1048,339,,1c8gk2PeTE04A1pIDH9YMk
1049,340,,5IgjP7X4th6nMNDh4akUHb
1050,341,,4z6wo6PJG4Fve45OXK6D9m
1051,342,,29ShXDWDedEwZkYc8Du08N
1052,343,,0OTtnwUO8natNWSwdZvXVF
1053,344,,672OeezgjM3rvkZvjw1l5i
1054,345,,2NjSnDtwbq7EveHLdJfv6J
1055,346,,0zPRXy2fW7IJeRWu2aosr2
1056,347,,5PycBIeabfvX3n9ILG7Vrv
1057,348,,4bF2y8rR7GUjrd5LNEvej3
1058,349,,1pIBvKgZheJsVk4W4uCecl
1059,350,,4UHRMwbbiZ7tkeEkhyN7iB
1060,351,,2cIDetbjLPkhYf4r7z86WH
1061,352,,18xGQRqTSyCjpPfqsBxGT9
1062,353,,5eaLGyPrVG7FbZ5vVnBm93
1063,354,,2jHaeV9nx3KARH8srHZFER
1064,355,,6HOMz6FCZqLjTg3Eey0vm2
1065,356,,4Omtwa3E3LvRBKvgG6HIcm
1066,357,,6BWlWD5DdYFYHqZNOn6HEh
1067,358,,5ZyNCQmxZlYZfAHeJXTkI2
1068,359,,7F25roCtYi55JouckaayPC
1069,360,,1dzQoRqT5ucxXVaAhTcT0J
1070,361,,0V5cvmTKsYmF5FmGGEAfmS
1071,362,,5kpxVMDvYGRmNqawPqDTYR
1072,363,,0MMyJUC3WNnFS1lit5pTjk
1073,364,,7hynhxDoDpgMIV12JuVtNa
1074,365,,25ZAibhr3bdlMCLmubZDVt
1075,366,,7BqBn9nzAq8spo5e7cZ0dJ
1076,367,,4XqXNU8MwPHwbgZmNXmAdc
1077,368,,1HPzBInBPVJfSUDNLsTGGn
1078,369,,1mKXFLRA179hdOWQBwUk9e
1079,370,,3F5CgOj3wFlRv51JsHbxhe
1080,371,,6y8z28epOv5FlaxDv1Lo5B
1081,372,,1aXV8GrmQLvgoFtBPERP7E
1082,373,,4R8BJggjosTswLxtkw8V7P
1083,374,,3NqBxTOMCJ3zW9CIP51td4
1084,375,,35wvL50xvKpCHEJPxLOLPI
1085,376,,7m9OqQk4RVRkw9JJdeAw96
1086,377,,4HYDUMY0xSpeBr0AMY9cUz
1087,378,,6RUKPb4LETWmmr3iAEQktW
1088,379,,336Xdyzllb9WbJIC8XF90t
1089,380,,0HwHSfrmACU9sOudNQM5xg
1090,381,,1pKTrZ561qvIuwl3ZzruZL
1091,382,,6ipp8Dhs33KinlF4BStgca
1092,383,,1SCOuHnhQefB9xjMiYH4A6
1093,384,,2ZlABhxMMa43COmZ97kKsJ
1094,385,,0bVtevEgtDIeRjCJbK3Lmv
1095,386,,6Uzmod8XYgpEFdCVjYywCI
1096,387,,1nSPlJY53DG3avK6UfpDpZ
1097,388,,33suR13zSos2s59HLb8S7y
1098,389,,3QwBODjSEzelZyVjxPOHdq
1099,390,,2hLXUbsOU9cDb9RFva9FYr
1100,391,,0MJ9rq9zMOe0G7eL3j5w8G
1101,392,,2vHcT753gq1ADTPFcDuwSI
1102,393,,5oL6fZD5C2Yhw2jiiV2vIW
1103,394,,7LX4aXtvImhdgUHQBlo8Kp
1104,395,,7KokYm8cMIXCsGVmUvKtqf
1105,396,,7jr3iPu4O4bTCVwLMbdU2i
1106,397,,6hvczQ05jc1yGlp9zhb95V
1107,398,,748mdHapucXQri7IAO8yFK
1108,399,,42lpuSQmnLUM1ZXJVzIVOi
1109,400,,2WigMwGJysIh9fRnSJvpjn
1110,401,,3khEEPRyBeOUabbmOPJzAG
1111,402,,0IqCoZ168iRc9LqfrYgpZy
1112,403,,2LGdO5MtFdyphi2EihANZG
1113,404,,0Q0IVlqMV64kNLlwjPj0Hl
1114,405,,2NcQic8JxdjAlAHuNbOIRE
1115,406,,4cIPLtg1avt2Jm3ne9S1zy
1116,407,,7w87IxuO7BDcJ3YUqCyMTT
1117,408,,0u2P5u6lvoDfwTYjAADbn4
1118,409,,7FfpP3YZ6fOWMdxkIAtud9
1119,410,,1qDrWA6lyx8cLECdZE7TV7
1120,411,,1AFcJGVt4enuH1gqGw2axN
1121,412,,38kLHBjtWJaPXcyFhwRVtI
1122,413,,1YnVYHXoak0syv4xBRHQRb
1123,414,,2a1o6ZejUi8U3wzzOtCOYw
1124,415,,0ZZdfogjRhEGVI0ouw35tL
1125,416,,2TzkIzgzIHhewMxyh1u4hh
1126,417,,4JiEyzf0Md7KEFFGWDDdCr
1127,418,,48NXpYRuvv9izul4oXhqS9
1128,419,,75UMtPC77vqKRwfSuYuNPO
1129,420,,704LUEih663hiE3CnyUrFW
1130,421,,7dT9D6117e5DbhnKxDLNW9
1131,422,,63OQupATfueTdZMWTxW03A
1132,423,,59WN2psjkt1tyaxjspN8fp
1133,424,,5lxYupxX2LSoZ60Xqix03f
1134,425,,4jhHaLksdP8DJZzxYAjOSz
1135,426,,5nZYc9ZDMhlXv6iWahZTU8
1136,427,,082V7qB8RLhvnUq7Y6tknZ
1137,428,,3V98eEuTG9gQ5syASLPGuC
1138,429,,6Pur3hWy6Nzc27ilmsp5HA
1139,430,,2XIc1pqjXV3Cr2BQUGNBck
1140,431,,2LsbizbOeNa4x6qsi2jAMb
1141,432,,7vMDf3uyGXZ99rd3qzVJtF
1142,433,,2Fm7n6WN4nQRIFp4mXxI7E
1143,434,,2jnZUvhw2LTvDI6YidRVcO
1144,435,,63Zaf8Rci6eOUPqDQ4fUFx
1145,436,,31AOj9sFz2gM0O3hMARRBx
1146,437,,7kmCsG11JE0slfXTj66FA5
1147,438,,3scW7pt0vlhkCCgCNv5YR9
1148,439,,69vlMrzHwATKzupwNcUPyK
1149,440,,6NfrH0ANGmgBXyxgV2PeXt
1150,441,,2naqSVQHgiaoEpxtkVOhmK
1151,442,,26QKsGW4hMuwiEE1ftUMHe
1152,443,,5dtzqRtiXKftAk6B6vxUmr
1153,444,,4SSbtLDkepeOHAckM1FCBP
1154,445,,2Ob4mHihtOGbx6jnCredFX
1155,446,,0vHfVsEe6Ps0d8cZ9PGzSw
1156,447,,58sCyRSFBV0m60kbV9rtp9
1157,448,,1QcVACki0Jfgi22KqobAFX
1158,449,,5fhcuVxuBWfgNXGuyAtLmr
1159,450,,30W8VKHrAZmHzObnwAoc1u
1160,451,,188Iohmux4LrDaj6e6eeEx
1161,452,,3KBCpSGLQMeWOioiDOuqcN
1162,453,,6G12ZafqofSq7YtrMqUm76
1163,454,,78kygHp1dvW1kncYjBgbe1
1164,455,,5TMLavqGRKNxgzMBrVpC9R
1165,456,,4TRlBMj8wXsIfEDgWOPyE2
1166,457,,468L8HV8IykzwRs4eEXn4Y
1167,458,,7oKfvDO6SncFnfUwS0oOrc
1168,459,,6ifUES3keWjwXgae8pXI3o
1169,460,,0AAl3LtvIhEilWXZmYHeh5
1170,461,,4T18CIOag4LfuqqfzyBQmw
1171,462,,0cOa970mzTWAxKtltpkpLc
1172,463,,559YUIWxUc8Mx4lsla13Ff
1173,464,,3h6uFCOSSpj7FIgzDhuJJN
1174,465,,447r2keRxpkINmWYp83MlH
1175,466,,6CTPAEcZHibzE7ojZKGojh
1176,467,,4NUt1fcnO9aQAELBgXq3Kr
1177,468,,4WTF4MkWJSEeWhTNk3ywPT
1178,469,,6e9Ew4AECYwY5Xgs2ZKMgp
1179,470,,4khWEpnaijN0G1x019Uzdr
1180,471,,2ekn2ttSfGqwhhate0LSR0
1181,472,,3YRCqOhFifThpSRFJ1VWFM
1182,473,,48QmG1dfvMuYLxMPt7KSRA
1183,474,,5kVZxyMY1gfdCLiChsfjn1
1184,475,,2S6z7NH6jUhPlq0pBQNLuV
1185,476,,5cyMGFUaS3Qwq4h8f3wVdu
1186,477,,3XaWuYsTtnkzCSBr0RmROc
1187,478,,19CmuECYssqkPWANF4nLWM
1188,479,,0nDGgXV5oI8TdAmWjUx65l
1189,480,,2gLDm4AjVnHlsik9sK87vj
1190,481,,75wlqiEzb6V0PbWyU66Va8
1191,482,,16LDbpqgCtvEZDQ5wfOWrj
1192,483,,5hKjEpYrJIJs6uPl7zw6Y6
1193,484,,3fF7menvXCbyRBkeA24uQ5
1194,485,,77dMSg2VHi2wwXjXNrmcrZ
1195,486,,7LSdAF6AUKmcsUTy3747rh
1196,487,,5dPy3sVgBlE7HSbI3n6LOp
1197,488,,6QdwofpqDvvNxX88C9A0iQ
1198,489,,4h0SQIfkKHJZ1FWVRQbW4H
1199,490,,6ksWMnPcHNyNoNf3y1BQCO
1200,491,,3SlKme42qm1vWrkl3BrZmm
1201,492,,0XWWn8bfpir8M3YHq1h7uJ
1202,493,,6ojZtz3sZr6ynvejLOqgCj
1203,494,,5R70etCKr7FOqdTqnohNfT
1204,495,,4J2HLNTxiVxxs6kWgTIN43
1205,496,,0UXlu64mDLvfzR8IXMz06J
1206,497,,5MWJ8J0jyXtJQcnsB9iykS
1207,498,,4gE4qvNzrjB1htVTCw8n4x
1208,499,,0BibHMUWAVk5R4R0EpUOfX
1209,500,,0E0DRHf5PfMeor0ZCwB3oT
1210,501,,5Pll8UGMARzFeHZ7FczVd7
1211,502,,4JJKe4ykj3V3d7e82lYtgV
1212,503,,5xx2d4rZCTW783PU70XwAO
1213,504,,62ke5zFUJN6RvtXZgVH0F8
1214,505,,3Kkjo3cT83cw09VJyrLNwX
1215,506,,17Sfr3T1chYPGcmM4VlhCh
1216,507,,1zi7xx7UVEFkmKfv06H8x0
1217,508,,5EJ2THuhAapEIeQOtXUQ0x
1218,509,,4dLIAE3xbJLoiIBbKkZWJk
1219,510,,2q9udNV9NK0BL3q9p6TLxf
1220,511,,7gwT3HGL84vF7bgtwL1N88
1221,512,,1Ej96GIBCTvgH7tNX1r3qr
1222,513,,3QorC3YeHA1zuGHwGCmBja
1223,514,,7CpzHbrYhaqLHUdpfyYUsM
1224,515,,4OhFOoVfaqw3Xuz2vjceDq
1225,516,,3SvbcJH2seu1zs0PMjPS6F
1226,517,,2GQclWZHwE4fMdqShvOPWU
1227,518,,5mg6sU732O35VMfCYk3lmX
1228,519,,1RUxZdG4bZf134s0XIYAaE
1229,520,,4yc290Q5nIELODhKyntBhP
1230,521,,7o2CTH4ctstm8TNelqjb51
1231,522,,3LbiVjqY2chZ0q9oOwbluK
1232,523,,2d518N5JSyohQ3JVYdcm2n
1233,524,,0Xq7z6pATd2lDDFHhCIOWw
1234,525,,5fwSHlTEWpluwOM0Sxnh5k
1235,526,,0tgVpDi06FyKpA1z0VMD4v
1236,527,,3ehHqgYRzmeUi345MfHS2N
1237,528,,34ZngZgo8xicbt1EE8Ob8Z
1238,529,,5YJ4BVvTFmVCxUyhKejHfR
1239,530,,0X5jHsNHshuHNfAWs1sxQ5
1240,531,,6yLqoieklk9gwabLaUDJ4s
1241,532,,1pLCpA1RN8avJxSD3ZCwhj
1242,533,,7g8YaUQABMal0zWe7a2ijz
1243,534,,2gpQi3hbcUAcEG8m2dlgfB
1244,535,,1A9PKAFEHMWgXNLpgf7k4J
1245,536,,2rCbl9naJYhaxjLsfx88uM
1246,537,,2wJRW2qycZn54r5VVecJct
1247,538,,3w6HBymB6v99gmhz4aiX1g
1248,539,,5GF0X7GdNmnouKcdhhRmtm
1249,540,,3Nb754wzOs49m1gT0U4yn1
1250,541,,4e54PAuILqrhjr2ryuMvdq
1251,542,,2uItXJYsugAp72oX7rIOzx
1252,543,,7mY1dIaY9vY6Jrlrjg3dRn
1253,544,,6D2TCm4nf5nxAcdGJ7w3QP
1254,545,,4skuEIloXWuxxgekKupkEH
1255,546,,5Id5B3dxJZhPcV9GzgYZZe
1256,547,,7t5cskTjWtXVQ6h1yI69op
1257,548,,15ItGp1Ugz6NBsRIdpBect
1258,549,,53v2u51nq3CxiKUNphRzP1
1259,550,,6afQURuED4PRXcA8IGoSx4
1260,551,,1jj80muEnrqByfH2omBOcZ
1261,552,,4hfiDzgfMqtcOiUQpZidBQ
1262,553,,5XXxxfDWGvI6OaXPEniklV
1263,554,,4YFoQUkj0XXJgTiHp8d61y
1264,555,,6gp2bYLAhqiLxO54Wmt195
1265,556,,1WH3iquIQXnSPwUzlROT8R
1266,557,,7d7aPD2oxuzjhOZnu4Dj23
1267,558,,58h5RuCMWCkstuXckWuRpp
1268,559,,7k3qWn8D43a5ISa3x8lJux
1269,560,,7CFcADHXs2wjUxNyyoScEn
1270,561,,7fODjB7BrQTGqh0hogW6XD
1271,562,,53fQfzienlCQks52Bztdpt
1272,563,,2CMXO9bnTzOss5Fc6LhND2
1273,564,,2ThSBT4fDS83BWu3iMjMRn
1274,565,,1FEH4cNvTNkBO5tM4mMyag
1275,566,,4fcC14xEEHEYS4SClHRzOr
1276,567,,22TyikLrwsaXhsL31mewls
1277,568,,6UsPWRpytDo7qZUzqxO4fA
1278,569,,69xohKu8C1fsflYAiSNbwM
1279,570,,3NgDulHteTVdF026IxY5bW
1280,571,,7yq4Qj7cqayVTp3FF9CWbm
1281,572,,2AT8iROs4FQueDv2c8q2KE
1282,573,,6RtPijgfPKROxEzTHNRiDp
1283,574,,75FEaRjZTKLhTrFGsfMUXR
1284,575,,4waqcUQWdj0yH26STWl2Rq
1285,576,,6Yxwkhk5LW0uiurTMT7jLL
1286,577,,2Z8WuEywRWYTKe1NybPQEW
1287,578,,17tWQcqeNO4Hh0RF9gJcvO
1288,579,,0D337qdSUzMPXmrW20Mn5L
1289,580,,1kQqiC1rS1FiuVpeBKN0QN
1290,581,,5CzixCxDkRXX9mScCmah8O
1291,582,,0JcNysfWVWaMS7R6vzGB2k
1292,583,,35UUpTmrcFXNIVIN26ujXl
1293,584,,0gBcz9VsLKKLcf7xcfPw4A
1294,585,,3XjN0mvFkQp1FMVM9Ro5hm
1295,586,,4Ofg5uuH7qqDIXpAJMpXZV
1296,587,,5uFmiw2BfcTPmjXyLzkmRk
1297,588,,4MaCRgEVU0iP2gIfnCLATK
1298,589,,0G2zPzWqVjR68iNPmx2TBe
1299,590,,5q2JbCNi4FcnglgPfxcV65
1300,591,,2JIEc13ld2tgbpbf6EfVJg
1301,592,,5wIJcfAgtH2N91YeBhKfOK
1302,593,,2DEZmgHKAvm41k4J3R2E9Y
1303,594,,5QO79kh1waicV47BqGRL3g
1304,595,,2QjOHCTQ1Jl3zawyYOpxh6
1305,596,,76OGwb5RA9h4FxQPT33ekc
1306,597,,41wtwzCZkXwpnakmwJ239F
1307,598,,1pHZf30WYm6CQukt7TvNPM
1308,599,,6Y9oeO6JXQNgcOarqjcu6Q
1309,600,,5tEw2szqiBIEnCKMOPFnfR
1310,601,,1u0nYDlrtKbSjXDsQ8e9uY
1311,602,,6K5BsR04ijf3FHNzjbaagD
1312,603,,4ubwzNjqHGaZZ5k06PDx1H
1313,604,,4HzqWEdAbzcVFDv0pvxV4w
1314,605,,18HOjcvTVV7W8YzBuOsAPS
1315,606,,2NrpiW6Kc1XPm9AzmvuxEa
1316,607,,1aWlzqhPWYcmMK5H9lgpP6
1317,608,,0h7QMc9ZRzA9QJrbEHytn2
1318,609,,4OwhwvKESFtuu06dTgct7i
1319,610,,0Be7sopyKMv8Y8npsUkax2
1320,611,,5RubKOuDoPn5Kj5TLVxSxY
1321,612,,059bcIhyc2SBwm6sw2AZzd
1322,613,,75JFxkI2RXiU7L9VXzMkle
1323,614,,7DcJXd2xxVcohwehWahFJJ
1324,615,,5uRd1tmUAvfFGSPR5266Xp
1325,616,,2FNqnsX74ZlwduUAcnmzee
1326,617,,4tQofG51E0juZBBVr6pral
1327,618,,2in1gSZtv2lRbcZUmN9aAl
1328,619,,2ozSogNm6z9G2Uv6a9iji4
1329,620,,3eFL5cxO22TpyjK3wNb27q
1330,621,,5HNjGi0qYXvZgksCYRVXAH
1331,622,,5RgSwK9Y13567fta5goKTz
1332,623,,57pkksnRS4NOOphTmoRlK2
1333,624,,0EhpEsp4L0oRGM0vmeaN5e
1334,625,,0T5iIrXA4p5GsubkhuBIKV
1335,626,,49FYlytm3dAAraYgpoJZux
1336,627,,3FeVmId7tL5YN8B7R3imoM
1337,628,,6YYmoV9YbBefsspGmqFHbs
1338,629,,32OlwWuMpZ6b0aN2RZOeMS
1339,630,,2fuCquhmrzHpu5xcA1ci9x
1340,631,,5J7teKIJGtqVypgYI6sqXj
1341,632,,0OTNHGKcqQbk51bOYe462Y
1342,633,,7bK0FVUY6yeaHNyL5CvDrP
1343,634,,21iD8UKoYicaMmVISo6Pi4
1344,635,,26ucR33snMkRD6JExhoD6I
1345,636,,6j5LtifAnuTjTYvml61yFZ
1346,637,,5y7DaS3jAc9eZzcSOoUIwU
1347,638,,7iqOIHHEmu6Vhw25GgQ2eA
1348,639,,2jIeTDKCMcpyEzR3KCnIfW
1349,640,,3G5OfJVzos5wI0L09oyTOW
1350,641,,5jf0PmPCHefQ78uAzqIqbj
1351,642,,0OPrFdGakv4WvvpFKVapXV
1352,643,,0nrRP2bk19rLc0orkWPQk2
1353,644,,0jWgAnTrNZmOGmqgvHhZEm
1354,645,,2qEoAz0i6yEz5dPggABcLH
1355,646,,3cuTh15bqIjmmszrBXzRRL
1356,647,,2mRwodUOATBk5spcUsEidB
1357,648,,2SzgK8i6si6ETtu57nTdSn
1358,649,,4hceSKjrkDTO0nMKFcb3sj
1359,650,,6srBp90EwADKAF7PorGiUC
1360,651,,6doLqlEfsI2zjsYQCNn5z8
1361,652,,2n7ohqg1s68ToAHh4u9mcW
1362,653,,1mea3bSkSGXuIRvnydlB5b
1363,654,,4yXBfJAPsDZjpjMEp9NyjT
1364,655,,1Pc05LYLZ53LYg3QPs6RJY
1365,656,,1FgKoBb4qNpOQ7gdoQO1KG
1366,657,,3QHMxEOAGD51PDlbFPHLyJ
1367,658,,6qvCE9WhoF57af6boMwaOz
1368,659,,4UXdWLgdsdmkeOFABIGwZY
1369,660,,2vmfvSoZBFAt9hhRoEByLi
1370,661,,2ZqFfDwNjKvPu3USx3onhO
1371,662,,5QLs1kIWkkxcdUBfTkqWBX
1372,663,,0gCPvo1GkbtPhMqg5Gbx1K
1373,664,,6TCnhziFkBPhOTqvh8zVDU
1374,665,,5MvnzHevw5vFQ2AYVAIPpj
1375,666,,37PGGNAF1QheeikFCvwqFI
1376,667,,76k5BZctXgW2IyrYjKGNP6
1377,668,,48zFZh27QU5qsrBjn4C2FA
1378,669,,0pvoYwMkrjwlgny2wucJfi
1379,670,,3VT3Pp9b6rnMBtCisGdspb
1380,671,,198qSChSMQFuSimdeeY9gK
1381,672,,3JYw9n3rJTVQryVz1rwlH4
1382,673,,086myS9r57YsLbJpU0TgK9
1383,674,,6Uj1ctrBOjOas8xZXGqKk4
1384,675,,06KyNuuMOX1ROXRhj787tj
1385,676,,0y60itmpH0aPKsFiGxmtnh
1386,677,,5Y6nVaayzitvsD5F7nr3DV
1387,678,,6UelLqGlWMcVH1E5c4H7lY
1388,679,,6IPwKM3fUUzlElbvKw2sKl
1389,680,,3jjsRKEsF42ccXf8kWR3nu
1390,681,,0nJW01T7XtvILxQgC5J7Wh
1391,682,,0z2sMdG99UdOABXdwA0FAN
1392,683,,68EkhVWIeULhHxcbi1QhzK
1393,684,,6qn9YLKt13AGvpq9jfO8py
1394,685,,43zdsphuZLzwA9k4DJhU0I
1395,686,,4pbJqGIASGPr0ZpGpnWkDn
1396,687,,7lQ8MOhq6IN2w8EYcFNSUk
1397,688,,5rgy6ghBq1eRApCkeUdJXf
1398,689,,2P4OICZRVAQcYAV2JReRfj
1399,690,,3ovjw5HZZv43SxTwApooCM
1400,691,,17jcYtUYRhpPL19fDedfTD
1401,692,,3Ja8TQGd6r0tNunCsO80Mz
1402,693,,5qqabIl2vWzo9ApSC317sa
1403,694,,7vqZP0mt8mcevvtqHB2ax2
1404,695,,5HnyFhrOuU5ykgXkowDkBK
1405,696,,3uUuGVFu1V7jTQL60S1r8z
1406,697,,4t8WQLm5mgB0QMKNpXVBVF
1407,698,,7dMTCS9BLzBqYTlAuHP8TM
1408,699,,0XJxduNJOHmWqLbAoSuI3I
1409,700,,4r34Yi0eltsu1tp6z4lq3x
1410,701,,77fvnWALKJR0ws1VUx09CY
1411,702,,7BlBVFwvbWvcwNcUarQmjk
1412,703,,7BgIcfAlmUNW6IABxVJcT2
1413,704,,51CGbL9BAw1896waeHoR9w
1414,705,,4QIo4oxwzzafcBWkKjDpXY
1415,706,,34gCuhDGsG4bRPIf9bb02f
1416,707,,1HNkqx9Ahdgi1Ixy2xkKkL
1417,708,,0cXFXgFns7sIMmTpqyGRmD
1418,709,,1zzxoZVylsna2BQB65Ppcb
1419,710,,1lqJic7VMR7PBlwpPrZuPK
1420,711,,78eOP2p2aHd2voGgaVFS1V
1421,712,,24lBVR15wE6fcl7vN5pec1
1422,713,,278kSqsZIiYp8p3QjYAqa8
1423,714,,2OWVCFTolecLiGZPquvWvT
1424,715,,4iYRa2btalAzPZoSYfROqF
1425,716,,2ZRo7axmMPeSVUvDbGkJah
1426,717,,6nek1Nin9q48AVZcWs9e9D
1427,718,,31sUn7KsrfJLHa9jBbJsRt
1428,719,,0Ed7MeXx64f6OcIuoTRCg1
1429,720,,1nT6epkjhga9uBDKrHIWVe
1430,721,,1E3M0dUlGW3gY9aylkFrpd
1431,722,,65mhesg9E1dT45P5DYX4wV
1432,723,,2gxR9xM45JZJFrFT7Km4n2
1433,724,,6wD2DDcYkBmokHvoBtRbTI
1434,725,,5TXDeTFVRVY7Cvt0Dw4vWW
1435,726,,3rk6uEjsuM6QhJFj1FDSeo
1436,727,,3GVkPk8mqxz0itaAriG1L7
1437,728,,2YOFMS8hwCVqkc6zsIomVL
1438,729,,3fW5GoO2tYjVGkr99FGzHg
1439,730,,1iJWagfnn65PTnCuMLjLfY
1440,731,,6Ih6h9g3dUDc4MvIunXv6g
1441,732,,3pVU1VF2VzFC3pUCruq9Pc
1442,733,,5f7uZsXcDJPaWK1hrhJBwe
1443,734,,1MvIq4jyBvxCx90koPHhiR
1444,735,,7vNT0uPftyIoCIW042SqfW
1445,736,,6tTYb9bZHmlW9V7TZUIJIW
1446,737,,3AcA0emXPTApyc721qWqHt
1447,738,,4D7BCuvgdJlYvlX5WlN54t
1448,739,,3AJwUDP919kvQ9QcozQPxg
1449,740,,36V1kDjopo2mn8jKrqy9xQ
1450,741,,0SqqAgdovOE24BzxIClpjw
1451,742,,10SRMwb9EuVS1K9rYsBfHQ
1452,743,,7nDIflSHQXzaa8zupxwv3U
1453,744,,2GSr8anleCXKLNjjjijoMZ
1454,745,,0mGvaKpwLYoybnIoboC3uS
1455,746,,66sBTYlkaiyBwf4fhbIHlZ
1456,747,,7uQmJ1jgNzBpATSoWKSPFu
1457,748,,4JXt31P2ZqpeErWq8KpZpB
1458,749,,5Utif0jGa6cRBqjk7YwiSr
1459,750,,0lPXFrKyl8HkdQ2E6NmNja
1460,751,,6HIIuuUIEzH1meVdGbMXyf
1461,752,,0rmGAIH9LNJewFw7nKzZnc
1462,753,,4lmOvO7Nc0Ppdz2hk8jpHj
1463,754,,1KIJclzEbNhSVw8tiHPWwE
1464,755,,3fNnPoIaVT16aLZnswQdCV
1465,756,,7E6LWDOm7duh7iXF3is22H
1466,757,,7qbPQqOYYMPdQqRqv7bNin
1467,758,,4IaxDf2FixiQXq0mW7key9
1468,759,,7eVu7FI02cTicLEgVtUvwF
1469,760,,1nULBrlzWatdcjA2ZctIMv
1470,761,,776AftMmFFAWUIEAb3lHhw
1471,762,,6DxS2ZRl8G3EagHkovYXA2
1472,763,,2VhJ4nrPorAbySEgO4V0BS
1473,764,,7EZC6E7UjZe63f1jRmkWxt
1474,765,,2xcHJ5YpRL7wgSfsBnIktB
1475,766,,2PKb7tFxkwMoS7Y6muOTAR
1476,767,,0FZ4Dmg8jJJAPJnvBIzD9z
1477,768,,7ffkdwy4EvMSeUnPVSyqqw
1478,769,,1wIUWGdTdhVk5gIPd0ULxX
1479,770,,6M5z2Pca6OuN4l5n5kId3E
1480,771,,0VKkyBKCXyR99navhVRqcP
1481,772,,38Wvz7KsraiwRcFQpsq3KU
1482,773,,7nhT7NOcyixKV17KLPAzdE
1483,774,,5kqNIqFjijuzvVLhuY9B8j
1484,775,,2bzitsPcImYC6DZWvvLCQi
1485,776,,1ndyl3wJCFs872XZ3ztPk6
1486,777,,2Xn5o0MhShu0lOiWuw4Khr
1487,778,,4pN4uE4g6srE6376NDwMJP
1488,779,,5phrFuHzzF5oYODbDS43p0
1489,780,,4COGASZEbAxmH6k5gYMo6G
1490,781,,54qJreodUijhQWqnsJDI8Q
1491,782,,1nAk42YH4kmPxaoFcLgiSe
1492,783,,5bQLsyTrUaMQRfr6whwGe5
1493,784,,1djou52IdL1mVEE7gTauxo
1494,785,,2LzpOIEFP862EHojyakCS6
1495,786,,0iLHyTMJqPuR3oShJiJT4j
1496,787,,2XuHpCSBb7eo3kiHYF5OIK
1497,788,,4p7uDinmLy8KdGUh8mqsYR
1498,789,,2w7Ca8DNYXBCgA6Bht7o0N
1499,790,,1WDDZngXuT5o8ePqXeNtvM
1500,791,,0l2Ob0zMIQ21gJn642HyQ1
1501,792,,7uL1y6VIPolzDR18zJmeU7
1502,793,,0icOs4M7c2T5bcXJhkugww
1503,794,,4949ROnVAzeeye50JPtmV6
1504,795,,6fqaMyg066xlukvUJWdM2T
1505,796,,1Z8TPHiKeCUyClxV6WTTIf
1506,797,,5U1BxaLb298lTYkHNlTWFT
1507,798,,2fz87OPXKEvq5SOJIt3zTC
1508,799,,6aIJhrO0Y4zeDLxLkj2NXk
1509,800,,4rfemi5MiGlTFRJSUqJntu
1510,801,,2LKOHdMsL0K9KwcPRlJK2v
1511,802,,7l4cSfrED7RrtT0t5CSOzv
1512,803,,7GOaH6nca6tpVIcG7CBM7H
1513,804,,5EYnUIWFrrqu58lmEBBzE9
1514,805,,5ljCWsDlSyJ41kwqym2ORw
1515,806,,6dpOeUHXQd7s2HcMvivvYv
1516,807,,5trmkRQBlsy814AgSLIiQW
1517,808,,2eKYETs7gbkcb9YdfMV0AQ
1518,809,,4y2jzcZ8Qkfrz3FMQx6QS0
1519,810,,2lHdOSh9wvnaX6ScOTBW8o
1520,811,,1DhpnNWMRrNKzcjCxmyeDB
1521,812,,7huBdrRj06NhJZFxKsqAYh
1522,813,,5QeUZ1Z4xSCegBXutW3IIt
1523,814,,1QOMoYQmiPJsxNemXcblen
1524,815,,1hY1gKVpoFoYsiDrSQndhj
1525,816,,5GpzV7vCxkwdLloBSZg6Xg
1526,817,,71ndtta9eXOTPZ1IqRmZeL
1527,818,,74Sv6DxU57V7qLm51Hh3GD
1528,819,,3vriYSzwDF3OeGWJKXZcJw
1529,820,,2oIIuFjnnHg8Bbc5r3Dg5w
1530,821,,3QWgPEQLhnzQXvdK6GwbCx
1531,822,,5neUIFXjZLGRfjJT8YL355
1532,823,,02jlumJ9CinnZuyL9HO5gJ
1533,824,,6nkEshSxD6jdYKWnAv0Q9R
1534,825,,2blFjWGr603ReBmTLFTsAM
1535,826,,4jtyUzZm9WLc2AdaJ1dso7
1536,827,,0EEacbJiAdvOE8MSTpkuVD
1537,828,,4egjz8OqcxgDkTficrfiUk
1538,829,,5o0Nf9HwobnmeoGsQXoKpZ
1539,830,,14ij5jRQA4vKEtrW11tC6X
1540,831,,6lcit9uXRUoCvny2xNpLQl
1541,832,,4NeSiMzOirUy4Vuw8of4Ok
1542,833,,5XHTf4ixuTNyXzJNJSOGtX
1543,834,,0cGr8k4g6eDfH0TWNSpa2M
1544,835,,2FVLNK8kqA6BZp4NCPumti
1545,836,,3NbzrBPdMy3IeHSIpebvRr
1546,837,,3U1sLMV37PoS7i5aApZXIx
1547,838,,0FqBNLXlTNimxmVRdDMj6b
1548,839,,3KJ3opyV29269SXkPrc19l
1549,840,,456qe9aJzb0u8nS1NuTJvP
1550,841,,2GZmcIwvFeu3NgKu1HJL4u
1551,842,,6UfJIFiEhxtJajKzqNgRpl
1552,843,,49yoxe9ok6zHA4IUSaz03e
1553,844,,0hstVW7UyxAEAUiW8SXr8T
1554,845,,7KbF6AdprOXEEHlsq11Z6d
1555,846,,1aUGxXCz9QimNkKeiJtzZ7
1556,847,,6hd1qFV2nSAOeFprnZbHGp
1557,848,,2PkTjm1QAJCZbJ9MqC4RqA
1558,849,,4chfldJFfWiuuSx1n3mojQ
1559,850,,3nl2V4yl1Vt8EJSM8RhSmJ
1560,851,,0hucTc8Bg42b3Ihwz3WS7o
1561,852,,4Ixc50wY5pbUvNEogTQ2wL
1562,853,,3a0P7wE7Gv3ztKND45C3jv
1563,854,,03ZCODgCqe72JonNTklmtX
1564,855,,38NY49T4OlgIXjOSY1RKz8
1565,856,,1aivk8tZoAz0FYjk8kg7td
1566,857,,1GeDO38NIKUFT7dzjifCbA
1567,858,,4XKC4nfeXgyd4KQDu8arKL
1568,859,,1d5tJigCG1MXU6sioaR84L
1569,860,,56sBMO7NmQccMdCeRf4iS4
1570,861,,2SCTjeslrR2vP5BJQTsvlW
1571,862,,0KsBEegsx0AvMaT1FCfk45
1572,863,,4fV8zuE5GmRCjzl8b3JUgg
1573,864,,5ODlTG5qxhCsC05E36Rv25
1574,865,,3cEPdxvRJHmOHhkKQK25yu
1575,866,,03I0v50PLHMxgP5CjzCwt3
1576,867,,71R8HJxQk5qMiRstrlXN9t
1577,868,,4OhVcJgt5Jlbdiyn3vpflj
1578,869,,6ef71knu2kKWxpd4KRuCyD
1579,870,,52Yf1CWXsXHRP0Sdzr17hV
1580,871,,4NqQaovM14WR2hNPMFxgjb
1581,872,,1yJxOLrSluYmWgi8KsXBwD
1582,873,,0NY6MCr6FVeI055z6HaLiK
1583,874,,7dRolgs8tylfwCG5T0vbML
1584,875,,2hSN2davtbJFzQ92MVNRcL
1585,876,,1aF8orMIC1J0qUGUFuEcqJ
1586,877,,1VdAESPcspzLjZjwyrSK6X
1587,878,,70FCugJxa7XW04Np6iYJdI
1588,879,,7ioBA8DBEh1lRjlsB31xOs
1589,880,,1zbIxnRxtXuaSODFdr1ctr
1590,881,,5fq4jxlqyjAVFLOB0lZIdT
1591,882,,29cyHD2HFM5xxjTsSwu3SI
1592,883,,0zcknEVbUF9hyvIIcGgtAO
1593,884,,5jGUJXnELDaDTgiRjD9lsg
1594,885,,4vv8wcnT04GHHbUCFBAiHF
1595,886,,5vdp5UmvTsnMEMESIF2Ym7
1596,887,,0poDR2I1vCdncMhvxdylqK
1597,888,,0fxQwCPF7mg6241Bpu9hfH
1598,889,,74IsmSHkcIuvz6yzAmpJ7E
1599,890,,2G5kj8gYNAVM4pQ0IBBaGA
1600,891,,6XHBJ1LSOcVINYXAAd6KIH
1601,892,,05ir6Pe6DKKSYgyK7r5T9i
1602,893,,1RF02Cf80mTaeNXG2P2boR
1603,894,,6hY6LMOTZOWUOZMk4wPW92
1604,895,,5ANkjNH7elrxzggidjnH9v
1605,896,,2RVrdr062uLFxXwIxwdXPH
1606,897,,4tUyEos6Bbufj7BLJaQGEJ
1607,898,,7LfIwO4IGQk15Hlx8UK7Q6
1608,899,,2XWjPtKdi5sucFYtVav07d
1609,900,,6Im9k8u9iIzKMrmV7BWtlF
1610,901,,1pk8geYcPBvNhipvGfmmA9
1611,902,,7Jl757vT5eNqemc6PtY2dA
1612,903,,0plaZk1lC5Oa8Mr9KgEHsq
1613,904,,4W52cRFpfRUOqRdVJKtRtl
1614,905,,78SeXVRJ7KCqVmOwTiFjnI
1615,906,,4MZSqgwlE71CWZ6qQ3gkKm
1616,907,,6JyyilCXZPb8fm0tQPqjUZ
1617,908,,7vEkRGux8G2Aosqlb0LVN6
1618,909,,0yyZN5ASdrYu0XYWFzfxUu
1619,910,,6ckz2cLCvhzzdhKQDLq5MP
1620,911,,5GJBSWrbSZRj0M9yi0nDdS
1621,912,,6dyUkkcyYuDiHOwIRXYOJm
1622,913,,2xqN1wkwsBjfqLSyXKcx3G
1623,914,,1Crj1zkRMpsEjb9NOR6Zof
1624,915,,1F205Nl2feOSYSztLNOJAL
1625,916,,67GFzGwE6460arcrI45iCJ
1626,917,,2dD9xdLtTcDb30xRY2BHKV
1627,918,,1tHXZO0grPpxIEfT3Gy7Sk
1628,919,,5qSveHN6NGN0M4ElLcEPB8
1629,920,,2Nj0AITLBRtBJE0is6zOBS
1630,921,,6T4o4xEh61CpgM9v4jG5DJ
1631,922,,5Tq8lKSFCtu8dJylUYlRdI
1632,923,,1MTXYvJ9TSqg9x6WPCDx2n
1633,924,,52PVdzptrR7uDJFXAX66Uk
1634,925,,1PkE8LrFiHRqMq4Ik3w1pk
1635,926,,6UJQTS2H8ZuuIdP1GU4oYa
1636,927,,7GhBtaLThD3Sa0zLJdGRhQ
1637,928,,1op7nM2R2M6FAU6dSCTRWV
1638,929,,3GvDCvfTvXB4cp8wwh7Y3k
1639,930,,5t6IDQJWcduCcFJceo4Dal
1640,931,,4mGRIaDuszXYCTGZfLjjpA
1641,932,,1i1RYy42uVr7KBCpA5Gjym
1642,933,,38qm9QOThz4R650p5WPKrN
1643,934,,7IbDpOVisfNkYWR07l1Y5U
1644,935,,3zbrd7Tx6O1Q56rXtMAmqp
1645,936,,5VerYcwtt2Xqug4JXF5wKr
1646,937,,3E9AvHZPIHomk2AAEy9Z6v
1647,938,,1c2oYPFni5vth1v9M7fYZb
1648,939,,0zoGVO4bQXG8U6ChKwNgeg
1649,940,,4xI3U4sDj1TPmO9Iz5TkYp
1650,941,,5mIOsPuQdXchVY0jB5NO9Q
1651,942,,1gT5TGwbkkkUliNzHRIGi1
1652,943,,1oHClQEgDmmbcEx12Kc5nZ
1653,944,,75enpZYDT6k0PNKu6SJ4W5
1654,945,,4xzcXQrlMKwvv3kDpvBKWm
1655,946,,1KjLbuPsJmYdZJt0CsyVAg
1656,947,,73CMRj62VK8nUS4ezD2wvi
1657,948,,5Mfz3Aoj1txhueNZUXSUnV
1658,949,,6kdCN6gTWLcLxmLXoUcwuI
1659,950,,6VAS7m73rDopQe7BdrFMpD
1660,951,,5kZhc4Mg9Z06GZg0Yp8ld7
1661,952,,32sznjw3iTFEGOimTeaGxx
1662,953,,1TRnIxwWeJoE6MVimzjw2w
1663,954,,4PHX6bpHDxiR9RGzAKWcyk
1664,955,,58cEG7FsVoipRiRKUMgOjo
1665,956,,0K1XXuhaJBPWMcgjj3ug3u
1666,957,,4Vb5YCg2XtUIM7PxE0KqY6
1667,958,,0ntQJM78wzOLVeCUAW7Y45
1668,959,,6IoKSUyNOOheJRjiuGb1ew
1669,960,,5TBeW8khivnRBAvPTXJkGd
1670,961,,7KhBQ6XFeAGrQzyT28MWvP
1671,962,,4qx8XmSu3kfuVQbZbszPTK
1672,963,,2oJ1QO7pGqUk1mOCPZh4W4
1673,964,,5fF0fb0VFihGDHFshDLi2Z
1674,965,,5DAcQYhc2MurNpTHtX8kZ3
1675,966,,6kD7n19O9VEYQwENniEvPi
1676,967,,0JoHqmlqE0W0i9prt6kcHR
1677,968,,1oV67I06f0bBffeqSCyHwS
1678,969,,4FezOSdELgnYvg8x8CMkOR
1679,970,,1cMFkY5BbdMdZUdSREUuoW
1680,971,,4ZqSpV5IVbZsfzmQ2BK5M0
1681,972,,1dLUdZowbUBV3FeKH2l3hj
1682,973,,28dwYN02Se5b4tIjhoHJ2G
1683,974,,7l5dS4jt6XUqvfdfRssmmu
1684,975,,6oG4kRnKM1O2IrSVvZGxhP
1685,976,,0SF01RPOpRk70ul5pH1Pr3
1686,977,,1Kl13eHKNjbpBKraAh0mM9
1687,978,,1DVD7MnQjfXmddezxhe5kA
1688,979,,3PeRueJmkpZ6bWGUCMm3a0
1689,980,,11kDth1aKUEUMq9r1pqyds
1690,981,,2W9JzlU925cbr7nixdbqE4
1691,982,,0BxE4FqsDD1Ot4YuBXwAPp
1692,983,,3eekarcy7kvN4yt5ZFzltW
1693,984,,4ngTHLSpFwBynEGGOLtSma
1694,985,,22nyEAEM29tcBRhukR089b
1695,986,,5jzEwSyyymBlf1fa1o39T2
1696,987,,4scwMEdlKi8qWJzzyDB8Z3
1697,988,,4Q1oBLFPK9R4eUHkNlihlF
1698,989,,0tDSgSmZsbxCkdkfUPjg59
1699,990,,6gi6y1xwmVszDWkUqab1qw
1700,991,,0WSEq9Ko4kFPt8yo3ICd6T
1701,992,,4gbVRS8gloEluzf0GzDOFc
1702,993,,1ZymB4keoWbIgKYZ0RaO9b
1703,994,,5gSvWWrkhOAwpcVB1Kbqwz
1704,995,,2iuZJX9X9P0GKaE93xcPjk
1705,996,,1XGmzt0PVuFgQYYnV2It7A
1706,997,,2iUXsYOEPhVqEBwsqP70rE
1707,998,,3G0yz3DZn3lfraledmBCT0
1708,999,,2sgFBDGhwtBfJg1YMLW4od
1709,1000,,1119fSwCrq8AprhyvB3q51
1710,1001,,4sQsdSYHMEyDhhB6ATuuJS
1711,1002,,065qJCdtzrrZR00htXzIQB
1712,1003,,5wcaF1d29dwbCJI4Rv3cHA
1713,1004,,4cktbXiXOapiLBMprHFErI
1714,1005,,03edTt5t3pCY5rqVVgAcw4
1715,1006,,5B840Ui53HVbqRNJmuZvDF
1716,1007,,7LR4QDCXxnG4li9qeb43wc
1717,1008,,4iFyPSsKYhWkL6AeH3b3IJ
1718,1009,,5z3IPVClIf58yHGnziiubd
1719,1010,,0nHMFtyPk3dLvpjfbV67wr
1720,1011,,4wBeSqE4JAQ3nXtqHscNkF
1721,1012,,24hdWY22rhlrdHMypNVZZ3
1722,1013,,7sAw2iyNn2AQccfLuXLsp7
1723,1014,,1Ct0uRQniCgAwvlSPWvA61
1724,1015,,1bbe3DdV3LBSP0grOtG91I
1725,1016,,3XbzMSWKdp8FzcQHA9BeXw
1726,1017,,4FFJMmVTeDKKlXYQmgNPMn
1727,1018,,2aXgU9biHn0rIrBapROjNI
1728,1019,,3lOYeEea6KT6XqcuVI4jTR
1729,1020,,3nkM90X6w6beZ6weu5Mjdk
1730,1021,,5SAEMjVQbmin3g7b0RG6me
1731,1022,,4bYXqO1FV3PppS9dRcQFsP
1732,1023,,3uvypVUsiIr1B0BccIcsEh
1733,1024,,7mPwkbaoiQ5bf8FPbRJzUr
1734,1025,,3AVrVz5rK8Hrqo9YGiVGN5
1735,1026,,7DbdUf8aHSYoliSjO6LZv6
1736,1027,,4epHhc2lvhFYzMlKA23O3G
1737,1028,,1VvM1DPqJsQnlsDsKVyu3p
1738,1029,,5F1aLmVpdvcEQ99gRCpeCi
1739,1030,,5SBr5SQ6EHUBpDaR6FsYhf
1740,1031,,6Utgn4AcEjxHvGBYKUVeyv
1741,1032,,1YzvboA95UQYZXXG94CZuh
1742,1033,,5CG6tmmeBnwvibjwGogye4
1743,1034,,7DYz324fKCEotcTmYFVPht
1744,1035,,4jTKJOFxaqEcm558JYi4Dh
1745,1036,,3eqOaTqnyb0GEgv6JInG6W
1746,1037,,69UqtTHfUKAJweQwEStRzC
1747,1038,,75EveQXAVJzwuEO9gjfyGZ
1748,1039,,18DmZ510OB9XATcFbQ8vDZ
1749,1040,,2wrikLMKr2ZbQCQMTusMfz
1750,1041,,0GONea6G2XdnHWjNZd6zt3
1751,1042,,67FdFW6KlHf08IYXFBxmRC
1752,1043,,3n1g3yjIkgURcGR7I37XKD
1753,1044,,3XmczH5wlvaZGQtAIKDkBl
1754,1045,,0bI5WRiDfU5BY38ufOJtGu
1755,1046,,1BHpVMDOWT6N8hUv4ObY27
1756,1047,,5pQbU503Gt8hDu2AGvgZR8
1757,1048,,6yOG9vIUuowB74nJsBpux6
1758,1049,,11jMcRt6aTXwiVFpdb0eMv
1759,1050,,1cfN4CiMnDuon1EAyhuLyC
1760,1051,,3YjsVGrfDWPohbNmsxa4ez
1761,1052,,1MFfGmvEzg39sfyaKSwsPK
1762,1053,,7dwF1harGN8oqpfos0tcvC
1763,1054,,6ohdS3xnxwQhhGcFKZl4T2
1764,1055,,3FrQgra2aF954EjcDE1PFJ
1765,1056,,2tT1s2vebr3a2FISZUIla0
1766,1057,,3DH5OfbDgmfDWuxylQ5oAn
1767,1058,,1XiemOIKsxCPicthQfYX0M
1768,1059,,0CS9Ypgubqau2INA8SFinq
1769,1060,,3afafgQst7OyR2d7vPbJTM
1770,1061,,1FolDqjF8hiuBtNcbaKGcC
1771,1062,,3AKNVF6UvPZsvEG4K9fsNZ
1772,1063,,5IKz3HfzRT3EAhxCsrBqwf
1773,1064,,02M6vucOvmRfMxTXDUwRXu
1774,1065,,6H167kbd8gY2Eewzf14YjD
1775,1066,,2JYYIzs30WeYBnWM89fvXh
1776,1067,,6ocbgoVGwYJhOv1GgI9NsF
1777,1068,,0yABdzMcJpRkKhVKXjfcUk
1778,1069,,7lrqvdivAYRGEiO8JFP31G
1779,1070,,3XNaesuW7iAy7ynvsiHRBH
1780,1071,,5kqIPrATaCc2LqxVWzQGbk
1781,1072,,4BQFK7uwwKWnNZPonvMKI1
1782,1073,,0fbd6BKLCLKDJKVZWrVfWM
1783,1074,,5ZRJw7wRC0lTVdomLqYkUv
1784,1075,,6TnmQsq1ujYni4hs8inFxJ
1785,1076,,3hqOP57LCDH8E7Fci4y9jo
1786,1077,,5vxyRxrHXCPJCcV0pCBLMR
1787,1078,,2HZLXBOnaSRhXStMLrq9fD
1788,1079,,3wlX0yg6NRMDPwOvdPmuLn
1789,1080,,3Rrd9BzuSBNyC2fvvirlwf
1790,1081,,3n9kzmIGnkYf3WCxC2cO1I
1791,1082,,5h4D1yLBAnRCmKiQZuFdK2
1792,1083,,3sTVMGhTdyyLM67WyYhYMB
1793,1084,,0bAAghj7epR8I1JtxMDrTr
1794,1085,,3A4WD7JkJWq0PgzoVXq337
1795,1086,,7yaMuEQfe9D4B9R8nJZxKy
1796,1087,,6Stp4D77eGPSCes1YRlLJy
1797,1088,,2ahnofp2LbBWDXcJbMaSTu
1798,1089,,6DoXuH326aAYEN8CnlLmhP
1799,1090,,0Kr9Lr3mO89UHRK7iUnjTJ
1800,1091,,64idRAS3NwPA5Lqo5mIeEN
1801,1092,,3dPQuX8Gs42Y7b454ybpMR
1802,1093,,0st3aeaRV0UylSHG2zg81D
1803,1094,,5QYH8Sufitu4q7LQwdYcbv
1804,1095,,1QeDhso6KwZL3BqQq6owrr
1805,1096,,5vxYVKA6b9j2WfXFYLFzbE
1806,1097,,6rs7XXDftbVGcLpuHNgdjw
1807,1098,,64E4SrLOzU88bsvcBQsYoB
1808,1099,,0UQbaQjwLkCHrL0WDzHn3a
1809,1100,,33o2MX2HwIegKYZzVjhJh7
1810,1101,,0RHQyE26UnyislGg5w6BRQ
1811,1102,,2Nu4iiUmjtMGk4Lf1T7GB0
1812,1103,,3eUR4NZa2hc8ZulyFYdCv8
1813,1104,,64An63UfmNaIeNk9zYVjqQ
1814,1105,,00EHSR9rMqYvcm6HUwxzJB
1815,1106,,0JXWSxEXK4EfiHOvA0bY9s
1816,1107,,0fkfBW7zpTBGF9NeFTN9cO
1817,1108,,27jP0I4QSiQcJvfmcyUX3L
1818,1109,,5vLGaB4DbMBC6Ac6jrr67l
1819,1110,,1RKBf3NxIYZXKZNzdrXg69
1820,1111,,4OFpyzpaLbVWJRG5TaTWfF
1821,1112,,6lM6v0q0TG28j4yoNv51Ss
1822,1113,,6X29iaaazwho3ab7GNue5r
1823,1114,,4PXViHCnO2LOPHllgOFWjZ
1824,1115,,7hoohDRzbkPGTdasPX1jBV
1825,1116,,3AncVybdw2UmiT8ulIGScN
1826,1117,,5bgwqaRSS3M8WHWruHgSL5
1827,1118,,6GyFP1nfCDB8lbD2bG0Hq9
1828,1119,,52ZI5nsIiC5Zh6z5ufTYAK
1829,1120,,3ljr9ATeLs2BY9gNp7vm62
1830,1121,,5Z01UMMf7V1o0MzF86s6WJ
1831,1122,,5Rgufk10YnTS4vpL7QFVIe
1832,1123,,72EFF4SntGtu9nnVNfzW5A
1833,1124,,4UCTgh5jvtqoaMX6MAhUNn
1834,1125,,609SDGj0txmlAXRrpwee9Y
1835,1126,,5dROe31tsuHQtGMm8FVRTY
1836,1127,,6sSy2YmhwosVtzCNbqcvYg
1837,1128,,50h8KkIOctXm8FbcChdnLz
1838,1129,,52DuOSQmxTFpKV9wzYRjH6
1839,1130,,7JGrUu0o8S6rlcOjbsos7o
1840,1131,,3km9CNwgjSvjuw2N6nlFPe
1841,1132,,7iLImtJFryLnf05uPA9bLp
1842,1133,,7zEYdNtVNZOaGTFrtD4R04
1843,1134,,0aMytUnLSTkzD3N2n0G834
1844,1135,,7cs9vsqxs93FFmyIn4MKDb
1845,1136,,0ZPpLWrv13FHWbHjjJPdjn
1846,1137,,47kt7nnd1S867srWHNJn1r
1847,1138,,4r3GB5g3TSuSiijjVRI7kE
1848,1139,,0TuagOVeinmlGlzDZaKfJh
1849,1140,,30ZaZgkuTJEsyEoNnSsuGZ
1850,1141,,5s6V8t6yGhrdPCePnDF4fQ
1851,1142,,03lsrY9wSb0SXHMY9rMtnR
1852,1143,,0NL3YDRAdKWeMBpJbK7Sfk
1853,1144,,25zqzoMnCLgCc1Gwvy9Ztp
1854,1145,,0INCLsZgwZDDjs7Ij0B0ZL
1855,1146,,2J0MpDn6i10HEtUu9Gv5IU
1856,1147,,6tlgS7NqZR3vEmIiPhg2S8
1857,1148,,1v7L65Lzy0j0vdpRjJewt1
1858,1149,,5atVE0a3xhyS9DZmNVmIPj
1859,1150,,08AzKX8I70991bxysScRBZ
1860,1151,,5z8mi8CM9QNiUZRRjYsOCB
1861,1152,,2dEcaC7d4c966muYpRqEG2
1862,1153,,5wZZGQQlzqdkR4VGw4bDD1
1863,1154,,4CGDzYp6ZfYz788X9sMF6I
1864,1155,,5xtulHkwUuqWYimdQE8Op5
1865,1156,,4NxGsROWkDE81tA6Ss4Sxk
1866,1157,,1NjzHYLYBiukBe8E07wqh2
1867,1158,,6t8zNjmSHbrtzD5waVgabI
1868,1159,,3Dsi7OIBzhKFTWJwvx7pdR
1869,1160,,0lGouvM0vBDsVuBU62kNTR
1870,1161,,6qI0MU175Dk2DeoUjlrOpy
1871,1162,,1rqb2FCXVn2HNL1afJEnTr
1872,1163,,2TksvaRivgAEj780DgRB73
1873,1164,,23KVefoON2iEz1dh940quQ
1874,1165,,4ZhPLoMzZwewHLLjV1J15c
1875,1166,,0EtuSDTRJYUwlPf4y6coIz
1876,1167,,3V8UKqhEK5zBkBb6d6ub8i
1877,1168,,4bEcoz1OcfMgUbp2ft8ieQ
1878,1169,,7LpS82vPDLgZAHWRtWBBRj
1879,1170,,1CgbwsrNDlFrRuk2ebQ7zr
1880,1171,,7pV8mSDgSPbSMFw9ZP1XXR
1881,1172,,1mohfLaTJtB2RplHLQVM70
1882,1173,,27RSJHEA99Y0Vsow7nA37A
1883,1174,,0fX4oNGBWO3dSGUZcVdVV2
1884,1175,,2dNhNlpZAtV4lwAFW45LIv
1885,1176,,16J6wH4Evm97ta1hDQIYQC
1886,1177,,1I8tHoNBFTuoJAlh4hfVVE
1887,1178,,7uC9TpGGHrAssX8NUKBqed
1888,1179,,1JLB67iNVIOs6NCiMAB1Fo
1889,1180,,4Li2WHPkuyCdtmokzW2007
1890,1181,,38jy6kRlPt8z1GUS9WXeNh
1891,1182,,0f0EV02n2JdUFFoKU1jUPq
1892,1183,,51EC3I1nQXpec4gDk0mQyP
1893,1184,,6usA0srq8i6QTk86La7R2x
1894,1185,,5z5UZgDSVbH9VDswlmtBSO
1895,1186,,5YaskwnGDZFDRipaqzbwQx
1896,1187,,0CgpCtEPvyDizcg2p47VrU
1897,1188,,2ANeBRTHe6N0dq7dz7CaVJ
1898,1189,,3rbeV5mt1vaQP0p7Ts1E17
1899,1190,,6eyGmsEahNlvSUZBEa0rRw
1900,1191,,3Fx6QR3Ovna9xIBWUndNZz
1901,1192,,74tYw1Q3ZRqulgMWc0um7J
1902,1193,,2j3pkZCOVQJWEw7frsv9Ip
1903,1194,,1VyZkH4r8KVW8N5CwMP73r
1904,1195,,5wSQpQfA8s2JUOii3wljuq
1905,1196,,6paGBb8SobgreYPv7njtua
1906,1197,,2Rz4o59cX3APsqvmS4oNj3
1907,1198,,2CsjeSHMQMSOxcXyKrUWFa
1908,1199,,3lZJBrbppwT4yvJEeMucnR
1909,1200,,65nQ4TyXlRpUzYRvp1GW9w
1910,1201,,6kRo2c4h258OX6h10iJ2tJ
1911,1202,,56i3Xu0q9qYLvbFjFSy1gw
1912,1203,,2TV5peMu6MRFONxHHE9ZrV
