,id
0,0RDqNCRBGrSegk16Avfzuq
1,308Ir17KlNdlrbVLHWhlLe
2,37ZtpRBkHcaq6hHy0X98zn
3,2qQpFbqqkLOGySgNK8wBXt
4,3zhbXKFjUDw40pTYyCgt1Y
5,2xtP8RNbo2BEMzLX7tK7aq
6,63mL1DdcSFfxVJ9XGnSRQz
7,3Hz3tTQwOdM6XkA0ALB2G9
8,0BTaaKT4RMbs5M73tOHX5Y
9,3sOEVB8DirQtZc0qhw8lJc
10,1R0a2iXumgCiFb7HEZ7gUE
11,3hUxzQpSfdDqwM3ZTFQY0K
12,1p80LdxRV74UKvL8gnD7ky
13,1BxfuPKGuaTgP7aM0Bbdwr
14,1dGr1c8CrMLDpV6mPbImSI
15,5enxwA8aAbwZbf5qCHORXi
16,4R2kfaDFhslZEMJqAFNpdd
17,4y5bvROuBDPr5fuwXbIBZR
18,1Ov37jtRQ2YNAe8HzfczkL
19,22bPsP2jCgbLUvh82U0Z3M
20,2KSUy9yJZbXXfvIIIqQ6we
21,22D72L2NnJJkI5m1g3pXnj
22,1LA1dNwVWQQZwuSQ8TmOry
23,3UcjHVz7rFjEcDK2ZZvGl4
24,5ErcJsujfGgRXsTTz7FGRm
25,4wPPqrwwqFPIc5EOkDb6oo
26,2h8TbHimi3flhCt1v6536W
27,5VwLU7Gs7JGqSgDJpUA70q
28,6V9ks2XCBDKtDBBEGLbA5I
29,0l7o1qoJ754BKRlH7uBf2q
30,2tTmW7RDtMQtBk7m2rYeSw
31,4hceSKjrkDTO0nMKFcb3sj
32,6VAS7m73rDopQe7BdrFMpD
33,1VauUM5CBX7nkLcgafQL2B
34,1b62AO1IzcVr5SOgoguc9o
35,1Crj1zkRMpsEjb9NOR6Zof
36,6KEb17S00Inf0v1qYDgUAj
37,78SeXVRJ7KCqVmOwTiFjnI
38,4F4bzCA8RWoyKQDfeFGolM
39,39yyHtQ4tkjZzd8TfIBKQw
40,2VxeLyX666F8uXCJ0dZF8B
41,0SiywuOBRcynK0uKGWdCnn
42,1c2hJSwcCfoPEw1su83Sw0
43,2rbDhOo9Fh61Bbu23T2qCk
44,2x7MyWybabEz6Y6wvHuwGE
45,5R8dQOPq8haW94K7mgERlO
46,7ju97lgwC2rKQ6wwsf9no9
47,7dZ1Odmx9jWIweQSatnRqo
48,6r2BECwMgEoRb5yLfp0Hca
49,7Hqig8kp32q2Ire3ECQvWM
50,3CYH422oy1cZNoo0GTG1TK
51,2oBMZYteeO8DyXV9gDx6Za
52,5GKwq4sO5ZHKuWaDmdwMQc
53,5HiSc2ZCGn8L3cH3qSwzBT
54,6SpPr7K4YQ2wp8jU6uOTmQ
55,42tFTth2jcF7iSo0RBjfJF
56,7nKQ5WAcjnG48knyLuo8gO
57,74muMkVdMYoR65lhmdzy13
58,4ubg38wkWizzLsQwLuE6rM
59,2gvlPqqngL3BppFCwLXnVc
60,1nmc8ngLcvccw7Lay5v5SP
61,37Ctz6MOHM2thzNIOMo7Z0
62,1fdlTXD7obDyqOpx96BEL9
63,3vPHCKu5UhbGLe9rs8dBGr
64,3L74uwShK0JqEUZ5Y2JoDW
65,39LVjfAJm6Yxb4Md4hyNmy
66,28Jwll1H52Hr4JzQ6vMoul
67,7uvW1F97LfVbOF6bzHs3nO
68,4dIZBPtKfOvo8YuundgcwH
69,5MhBEVh0CClfhUsbKI9Gzk
70,6qyS9qBy0mEk3qYaH8mPss
71,34lfu3S4fIcKZRNXzbdbo7
72,3T56drS7FjnZgGcOAHlXzx
73,3bpR5jv8uzraDgq5YpHwDw
74,4aYamw19Hloc6hQlJwWM1y
75,75M7UJy4KmcP3ng0vICdPN
76,6b2wKkUUBCzHpbxxtJcl2w
77,0HIeI7doCC3xlhlfFxXWMc
78,7KmbiagSkUbepU88x7NWjb
79,1WMuTWPq75xbMdoxcZU8lB
80,07ar7rYlFwzJhbvQTTuu14
81,22vyFWBbPhh9PcfrF15qPW
82,2rlx3WQO9OaJEELLDG1Dlq
83,2oKa8ZZ0xFaEiH9OPn2SXC
84,23UuMEt3OBS25lAM1QRchx
85,6hVeDmk4slrvoyolSVdzXp
86,6zNChDti3ES41QOlEhA5hj
87,2G81xLNrsTCBK48KsiIIUG
88,579x3N3nGDTEwpSmvwix0F
89,3oSKOOj6aZzYtoyhUSig9u
90,2UREu1Y8CO4jXkbvqAtP7g
91,0i8JFpqe9cKwnrcvoNgl1L
92,4CbKVDZkYKdv69I4bCaKUq
93,0nkzd3yNniB767zSDDdLZ3
94,5O9Dz0h08LuBi0aVvDcylh
95,5pRElcsPZrgZXkoON2o5Go
96,2jfk3m8nq5IvB35s2xIs1O
97,6rSuL1ViLO7Aljn2WD09s4
98,2GJ1xx5ZoeIJYbQKLSpoZ3
99,2pYaGdqXBrl8MdvuwgtBb7
100,0tYZo2UhV1lrUez5CA0Iyw
101,3zmrdOtnOogqLllz26WLZ3
102,6k67RdkVjTZj79c1cRz7IQ
103,2Ax4rdLenBhULX7nRbhful
104,0rNLaGUleZ91DXMxmZNq5v
105,3IdPtyJHB1WVPM4eCiCAKM
106,7zC6xvBPnIC92K06pMpstY
107,2UP7KnRSvc4taXbjOoSX0f
108,28xjm4FnnGI4Xnds7VoNSl
109,1V1btvvh0M47BWClDsiCqZ
110,0JJP0IS4w0fJx01EcrfkDe
111,0tyR7Bu9P086aWBFZ4QJoo
112,50DMJJpAeQv4fIpxZvQz2e
113,0aZJGkkXR3DgaFqo5sB8ot
114,4SOtTsuFYYlkOOvXMbroUv
115,2qxXypNXOJZ5qUFdpzJ56n
116,50oS45iNMFp7pKIQRAWIUP
117,371Tb0eNfpjpSqggjcLv8c
118,52BHuLFKoBemaQ1oOPFhFZ
119,2zgYAaDIic9iTLujB3FARq
120,38oTXP25IcZ5VlzQJFQuU2
121,291Yu972gd6bPo2aIBgZDA
122,1WYDaSAGpAqleq0FKu0a3m
123,1kvgnPAMyMI5E0B8XXQcSI
124,5wqFGXrd6gHaDcVMY5DDbd
125,7zCAvDu5shJrVCiyNRTUG4
126,0cm5HNoYEygzyVZetb9yho
127,0R0EnWSJ1bqeWXDdc7Vt7x
128,0Krjv3PrcZtAzRFx33zxZB
129,1iZX2BJNRwWAQcZeU6dnFW
130,7ef4DlsgrMEH11cDZd32M6
131,7rglLriMNBPAyuJOMGwi39
132,5nujrmhLynf4yMoMtj8AQF
133,39LLxExYz6ewLAcYrzQQyP
134,2ekn2ttSfGqwhhate0LSR0
135,3PfIrDoz19wz7qK7tYeu62
136,3JXF3LsUjyDIHjuwhXxdjo
137,2Oycxb8QbPkpHTo8ZrmG0B
138,76cy1WJvNGJTj78UqeA5zr
139,3h8tI65xdfpQyTAy7Grqwa
140,24nK8tW7Pt3Inh2utttuoG
141,0oeVHAgY8Q7Mdce5Quj2G4
142,5Z4aqpT39KpY8gbHoJWdou
143,4BZXVFYCb76Q0Klojq4piV
144,6E7jAJN2e3znSHyPCdQqx8
145,0bDYceyQd1jnJO4sK47YxU
146,1RNnRdT27xNUTdechKtSVT
147,1uYgNXNnBTQnboOwlYBLd1
148,5MaDeMdqsPsZTxNWdEZPVH
149,5WitNasXEIRptoLIQUcXMx
150,0CsUrex3Xgtj8ayUKj5YPL
151,3o1jGwcxZQ8jmNeOyirvTb
152,6NU68pCIE8srz6YbOfBe34
153,3gkNuMdF4BgdEQRr0UuOfl
154,02oFVwTN3KTWpCknDei61T
155,2sQLVIje2zUfTk11wibpzR
156,52DFe2mMtwlgDP1zwrc9uk
157,3h8Pdp6INTGutniRQ8fuY0
158,5QSXF0oNIemiw4hLb0VXDP
159,7ip2pQu1C8dDTCDP1Vo1ca
160,5Odq8ohlgIbQKMZivbWkEo
161,0xzI1KAr0Yd9tv8jlIk3sn
162,5QDLhrAOJJdNAmCTJ8xMyW
163,10SRMwb9EuVS1K9rYsBfHQ
164,46HNZY1i7O6jwTA7Slo2PI
165,69xohKu8C1fsflYAiSNbwM
166,6jjYDGxVJsWS0a5wlVF5vS
167,3XYRV7ZSHqIRDG87DKTtry
168,4a9tbd947vo9K8Vti9JwcI
169,5FVbvttjEvQ8r2BgUcJgNg
170,6IbnUaczZBT34DhaD6S18F
171,4sOX1nhpKwFWPvoMMExi3q
172,4sNwdacKyi2S26WrRtNama
173,2sEk5R8ErGIFxbZ7rX6S2S
174,6lKRMylSZMtA7EqPl0pcdI
175,1R1ihosU2CSEaSw8e5ZF6E
176,4Zcz6saEkOII3PlXd9gN3o
177,5B8N5rPOmTVVGpuBMK2Vby
178,6h7AmUi3ghBeEfsZygAxOd
179,6qXM63MqfsATteIuCVMXvu
180,0cRGA4WwyzoOdnOcui7d1e
181,4fb3uBZCBWijnTANMJdN32
182,7mbGvJnVHPnT8WCR0Nmlgz
183,7FJAAn1ZVQy8u2ZO0n0kO7
184,5aAI5R6Rk6cAoTq7OGtRYw
185,2GWqNLMz3imh4uP8cjbHps
186,031hlFWMO7NkVTdVf5oGYs
187,3wsFuufP93ajDy94S2jhyF
188,5bBM8ZVpBYMrH5WXthoEDK
189,1SPiFZkYUmyHAYSbZCPreE
190,6mIjJONoUMvGPT9Kzrab3L
191,3ejAkJLWQSEJDqDXxK3efB
192,0Vu5tjvXZX3qtzRiezxLi1
193,5XS0GCCIotaI6XtsYcIKeX
194,0sq2QUCf3ykmfYxjCDWcir
195,021L6LlBBtr34BmFRHd9Ic
196,2rvpdbvSio3BsHCOnimivV
197,4bjfCjLU7FnyaqbB7FPLs9
198,0NVDKNljMvGrJBTj7BoU4H
199,4rTXasoYr4RICJeGRk5cnD
200,3rmo8F54jFF8OgYsqTxm5d
201,50nfwKoDiSYg8zOCREWAm5
202,0tgVpDi06FyKpA1z0VMD4v
203,2DB4DdfCFMw1iaR6JaR03a
204,7qiZfU4dY1lWllzX7mPBI3
205,6fxVffaTuwjgEk5h9QyRjy
206,4zrKN5Sv8JS5mqnbVcsul7
207,1Slwb6dOYkBlWal1PGtnNg
208,0HaRLPnr887lcQM2YQzkff
209,2RttW7RAu5nOAfq6YFvApB
210,1Wdj4wRDYS7aT4CoPS0mAH
211,2kfGoV9a5dbSKCNmUWH2ZF
212,4g2WiijzSKzH8PApKDbadN
213,5zCunX8URvLoBHlg1Fnjv6
214,3tJjZMHLqhD8DaGgdBICnc
215,13Z3uZXTFpbLBZ8R1rTUKO
216,2d7LPtieXdIYzf7yHPooWd
217,62CprXvSWsKBvYu3Yba55A
218,5uq3x8Pg8HAj8qNwPFOzfl
219,1RgiH5ucgoEWDKmGyA5drQ
220,5NvOZCjZaGGGL597exlQWv
221,2IVsRhKrx8hlQBOWy4qebo
222,3gjRRs7gmh3Euynu1cau1d
223,02H1K5Cw9Ar89b35XwSEw6
224,4dHdqpGaO9km4TEw9nNQSR
225,5YIAMIFBXGXsyJwJmqUMZo
226,7yR5ZDif2glYMnFP73uRMm
227,5F9WcQalHpZAwKzWi6pBWg
228,4WpvTgKsoU6efxHued4HBt
229,1wAj295BWDUClM0Ndecs4o
230,5awNIWVrh2ISfvPd5IUZNh
231,6SSC9KZQaxBdyipKRigrFC
232,7cHXwaBnIBFUPuP376z07E
233,6wNKKoUQfLPmch7cqSFytV
234,1ry2mTVmAJHbNLzl5qww5v
235,6yGQ86UppYULzTCxAWgwVN
236,4EMAaWwu2zXTkXIA6YPKkt
237,2YVzshKzFglQLBXPYNpGI8
238,2BdGXQ4MjeYCZ9JNte85Q4
239,3DGKXLtVjawKFweymvHn84
240,1HsSIPLTQT354yJcQGfEY3
241,7xNCacksfUkYXsXuSW4vNF
242,21aOLk12MksET8AsbU0SI6
243,1Z8TPHiKeCUyClxV6WTTIf
244,3ObPkJQAgjAhTwYvDhPrAW
245,44tTqUi3xi7E28QLzHVdUA
246,1exxGxUMlJWD1h9YcE9YZH
247,6AOrC7t2WS5ykYcnoHpiS2
248,1rqb2FCXVn2HNL1afJEnTr
249,3Bgl1xMI00capuTqUHBNUW
250,4JtvyWkWQTPVcroZf8JJkp
251,2F9xBxKbx2M0pbgtSu8fLf
252,1YtHpYEbbfQQIyxXkdxEoW
253,06AMpcajziFnEKniV25fiU
254,3GJZLvGXaVszYdSBLMtJFX
255,2krUWDNZUuYighZbiTM8FK
256,4boaU9XaS1g6U1nV4lEsMl
257,2k2Pwkt3Fqowcve91PiH4g
258,6tRXfCfNdcAMICHdQerIuu
259,5ac6fzdjXA8kPXkLSKARtz
260,7nVhKlC4JktgjoUXLdhly2
261,3JUy6uHdxEGf5cqk7IxDrE
262,6RVQLIQkfpPYrbyoDNOu1b
263,7vDR4MzesKd25X06qYknQW
264,2CefoWOw2L9V9uRfQJJ3dB
265,6NpJD0Hkm4fbjqwqHRNHJt
266,7InQksdtYDvSHViGVuhRrj
267,4wdUuQQ32Pcrzln7NaZCFk
268,6zVDBEprS3mo8p0WV9MtLr
269,0ER2WSKWnsiTyhx2AHTYsE
270,50xbq5Z0N0W43eojJgeRLj
271,3xlLg054H2J7B0vtdbarcA
272,4CtO2AMo76k5yAeD44EUPY
273,6t4Y5WyfvANZD1U0iKxbZz
274,1CWlthc9rA4NwNeLu6dgP5
275,7z994LVEvJTvPYkAuToucs
276,1YV1mdDQny0j3q1x7GZ6H6
277,1ZWcqCLQaeUZRWSrqdGxEr
278,38jLy7No0eF0SW3E5gjMC7
279,5tfIVIFBzsCHYqagGjNNsp
280,54ipXppHLA8U4yqpOFTUhr
281,0pqnGHJpmpxLKifKRmU6WP
282,3CIyK1V4JEJkg02E4EJnDl
283,1zB4vmk8tFRmM9UULNzbLB
284,3LlAyCYU26dvFZBDUIMb7a
285,2FY7b99s15jUprqC0M5NCT
286,7sA2SKTo1QbTSSYn5YvJC4
287,6Qn5zhYkTa37e91HC1D7lb
288,2RSHsoi04658QL5xgQVov3
289,5UlnuulVAVmmesw4VzqHdG
290,6A8NfypDHuwiLWbo4a1yca
291,4eChbtoFoOmWQt03aRDzaJ
292,1pnXMEGyw85jtg9fFZf4GP
293,7yQnZkAxSiAavC0zFRB1NI
294,51iiBOpcbxJQWf1cI8kSf6
295,3WY0iazRPHOlIq6CdbKLZ6
296,7k9Y8EXEvzKOH3zdMVXXo4
297,5QS01sq07pThdktoNUxXRZ
298,7KJdus5lqrlOHasB6kwvf4
299,0871AdnvzzSGr5XdTJaDHC
300,7kXmJwrZGIhDaLT9sNo3ut
301,4bz7uB4edifWKJXSDxwHcs
302,2Xhd1kYKj2aee7JR3nIlRe
303,3m1JFLpKLYgMi1jf6Bu16P
304,3vRYtf5xgPrYeVzAmqvzTd
305,2wPFy7SAFnt9Nj2TipWcqb
306,4vh6Rn6FVG4w79JmlZ5p7d
307,2U5rN7uL5771qyOwErJCY8
308,19mC6xktT1JyyycK6cQaXA
309,6eypw7fGYBtYxD3dCE2pld
310,04aAxqtGp5pv12UXAg4pkq
311,3Zwu2K0Qa5sT6teCCHPShP
312,2TfSHkHiFO4gRztVIkggkE
313,0a7BloCiNzLDD9qSQHh5m7
314,7Feaw9WAEREY0DUOSXJLOM
315,3Te8uLyit6X3ncNW8Fp3K2
316,2E43WFS4rRc09za2r2GmZl
317,1oagRT7LfpVlNJN6FSZDGp
318,7jwDuO7UZvWs77KNj9HbvF
319,5PUawWFG1oIS2NwEcyHaCr
320,4fZYGHiRcKxwVSnF498uaE
321,7dgO6H1BxXeXfxDkiDN8E9
322,4jQDaI7FRGaDB0llURpnNf
323,6svBgFCnXYst3N8OJJ1XAB
324,68ABnHNR4y2COQa4eaM6PS
325,7xMBlV5OBTiHlUraGaHGqs
326,0aOf8m2Y7eGsV17WsuH8Xj
327,1T03TbRPcIMuqRLGKD5oRS
328,168ajrB44EZ7VsteUmLR3x
329,5i7V0mWKvAlOekxZJ5uGub
330,3QD0Y1tTngihByjdWC99lG
331,1exnDFdC34GyBcaLt9ZJfX
332,34lKiKHCKhMe9PAfGcdFNE
333,4IOxk5ep5ONrdlL0ZIy64v
334,1d8Arh7PushRWWJRs41rSa
335,7wDVvxMUdW5MtJUqFtuXUz
336,6DIW7GJbuGZdHolRcPWprP
337,1WCOna34eEMPgjfOOZkGQc
338,7Cn6R7YB4EjQkfci9DdceG
339,6UM5HKVVm1cjOQhUJB4Ft3
340,3O8G8eVrhfXTGttyQ1xVuq
341,63irPUP3xB74fHdw1Aw9zR
342,05ib88vsMeLfwlAfrZyz99
343,0nwTMzpatarzvLvtwwzdCt
344,4XPXrcpyNr30Km6aPiflJy
345,6T4o4xEh61CpgM9v4jG5DJ
346,0LatE4S9UtCDwIdGQsFFKL
347,35sE2Ehvd1GzBzAIC0zFIu
348,1HshHZrFIF5MRXWCZntOPr
349,4QDpsNBlllaLGj8zbF2EE0
350,7rXcCpIAoOUCydkVDMcoPV
351,6CdUgvL597jWmW4w8P5kHs
352,56Cmy1rCQ35V2Q7groYiHl
353,5ZkITfPpcNPnyYGTibkO6m
354,0n1jo6k1GUzyrcXW2aS0iL
355,67QGnT1Vdfuuy4HkLTUVjj
356,3Wu4lFjkhcXxB6WWaX9gtr
357,2TZTpkpnDIKUOfU6riqCfE
358,4ytyLpIwUXbdFsNOvgNnmP
359,49euWwcjQTzVCynY53tvH5
360,4khWEpnaijN0G1x019Uzdr
361,3ehHqgYRzmeUi345MfHS2N
362,4scwMEdlKi8qWJzzyDB8Z3
363,71iAechwVKGu26pahzFL0k
364,1mlGScrDQqHqmhdIqE8MmA
365,4J2HLNTxiVxxs6kWgTIN43
366,0cS0bJ0oBylj3TFtz6x9pC
367,3zNcn4BaVfKORyx3uDfruW
368,7M6CFruBrM5x7u0lTMtm6r
369,03I0v50PLHMxgP5CjzCwt3
370,0IGUXY4JbK18bu9oD4mPIm
371,1t8sqIScEIP0B4bQzBuI2P
372,5sbooPcNgIE22DwO0VNGUJ
373,6juLaduD4STCUDWT0AYun4
374,2DmRXiyn03tOqKgEJXlaiJ
375,2V4Fx72svQRxrFvNT1eq5f
376,5FiXhM80sP4yg6tEnHkZZn
377,2ezKXygNO30pXyDQXkm6oD
378,40OyiVO9NtBg9R2Gpwxs3u
379,7gr57cYekMWriyJYbT7oZ4
380,6jUq2EfNMW7SizzNVVGvhm
381,4qMt92hgQlJMyJjdI0Nw2h
382,2U6RSyXFnDVNYoD9iUgi09
383,7huWBxXBSizb0tftJRbJed
384,3VC1IEz9M1txlMSx3h3tPM
385,1ZgfAxHQCXLt8o1VXEHHAt
386,4b1sQpvL7QVgamRZ74F1oA
387,00emjlCv9azBN0fzuuyLqy
388,4MSiPP89oZupNNq2CvjEeR
389,22iz04Hw1tz0NBpiyoEMT1
390,7LHAKF7pBqHch8o6Yo0ad5
391,3A4FRzgve9BjfKbvVXRIFO
392,2DLrgv7HhJanCuD8L9uJLR
393,7dEfa89dZfo6CQPdsgGCF6
394,7C9g7mGIpiMgeWauQ5ueBL
395,5mEqD00bdFcsiVd0MfvEeF
396,21ACvBsQXpDd3bZCpOwnL8
397,1rYg6v89UhWyPMbr8uf4fl
398,0D2ZQ5DKyys3UPAfeKpvwp
399,2qz2iNaqKDJesD2ombEIsi
400,2ce0p5PuPXDxUhbhfjQqEL
401,2Il4l22OHAP17Xvts61GHq
402,1Ko8sSzAzNILeNI2SfdQE4
403,1h8ZdxSacDTM1BoZGTGJcK
404,7vesPWhf18t0QjKZpGlw00
405,6ebNn9bRWksrrrWotc6xcV
406,4NPtP1miHkjPT8QyfMl1eE
407,7vlzWYWAgQdkmib9sH3tt6
408,6BjNq8vu4Yc3dt7BA7xkQj
409,19LPHv2g3UKY7XpXGkPpsz
410,71WZ7yFuwxmQz5jJUpvkGv
411,3cl6BsTDeeGRbgug5TXrvg
412,5dhZMPumW81ipov9bpz6nu
413,7F9HWeJf4BTUzpj3B0CQKT
414,4aceMabp5rzZYoKKXsUffr
415,780nTLMKXf6kX1B2yq1dFa
416,3h34cQPPddk4x9cluPIAvv
417,499qjESUqiZjlNI7XQhyLp
418,4s0dJmVknlUl7V6oK3puzZ
419,3Y4SnP9NDIjEj69mMY4NVp
420,6I2tqFhk8tq69iursYxuxd
421,3QwiidVHfeE9y5jl4n2MTC
422,1pdFdv8R6ezIAUUNkn785b
423,6LnEoRQKMcaFTR5UvaKuBy
424,1Rrj7KyS2R6SP9CQMDJW1w
425,6Upu6yjkdi0DVI8E3IBZEU
426,2j1Es5qEl4pD8GEe2WsYgP
427,2FymmKBuog0loCuNXMwQID
428,5QGooKayQPVZMUDc8Qt3Dm
429,1117juaaAkSIUsQxTmmcKM
430,5XeFesFbtLpXzIVDNQP22n
431,5FVd6KXrgO9B3JPmC8OPst
432,58ge6dfP91o9oXMzq3XkIS
433,086myS9r57YsLbJpU0TgK9
434,2AT8iROs4FQueDv2c8q2KE
435,0NdTUS4UiNYCNn5FgVqKQY
436,7e8utCy2JlSB8dRHKi49xM
437,7nzsY8vlnKdvGOEE0rjAXZ
438,0yowbJnnbTLpr99f9l1uba
439,11jRCxY01k9jvCdUru0EeP
440,7gRFDGEzF9UkBV233yv2dc
441,5zwwW9Oq7ubSxoCGyW1nbY
442,0L8LOav65XwLjCLS11gNPD
443,3MJhPqL2IgGs7gHEB2M35q
444,0bYVPJvXr8ACmw313cVvhB
445,7AdGloF1UHKe1vAZPbqIXH
446,4SFknyjLcyTLJFPKD2m96o
447,4ZxOuNHhpyOj4gv52MtQpT
448,13MF2TYuyfITClL1R2ei6e
449,5y4WmuvFX1t3NdSId0MFOh
450,60a0Rd6pjrkxjPbaKzXjfq
451,2nLtzopw4rPReszdYBJU6h
452,18lR4BzEs7e3qzc0KVkTpU
453,5sNESr6pQfIhL3krM8CtZn
454,3K4HG9evC7dg3N0R9cYqk4
455,4Yf5bqU3NK4kNOypcrLYwU
456,0UFDKFqW2oGspYeYqo9wjA
457,57BrRMwf9LrcmuOsyGilwr
458,1Vej0qeQ3ioKwpI6FUbRv1
459,7oVEtyuv9NBmnytsCIsY5I
460,7z84Fwf1R3Z2BwHCP620CI
461,1yjY7rpaAQvKwpdUliHx0d
462,6SpLc7EXZIPpy0sVko0aoU
463,1j8z4TTjJ1YOdoFEDwJTQa
464,0w5Bdu51Ka25Pf3hojsKHh
465,7JIuqL4ZqkpfGKQhYlrirs
466,1ZLtE9tSJdaUiIJ9YoKHQe
467,1Bv3h7Vc4AaYA2BcSM3rVd
468,47No93LxERvV6MtOAmQzHS
469,1JdKrFyoU05abww0Zv0ayQ
470,2QjOHCTQ1Jl3zawyYOpxh6
471,5E30LdtzQTGqRvNd7l6kG5
472,2K7xn816oNHJZ0aVqdQsha
473,7zwn1eykZtZ5LODrf7c0tS
474,2xql0pid3EUwW38AsywxhV
475,2u0CelO5c81XS7z3dGpHbS
476,7brQHA2CgQpcMBiOlfiXYb
477,0VF7YLIxSQKyNiFL3X6MmN
478,5Q6fh8OEhBYepJaORz9lxe
479,7IL8PSVwLOJxqYne6azxQv
480,4uUG5RXrOk84mYEfFvj3cK
481,1WCEAGGRD066z2Q89ObXTq
482,0gYXw7aPoybWFfB7btQ0eM
483,2prnn41CblB8B4yWACDljP
484,0lHAMNU8RGiIObScrsRgmP
485,5K6Ssv4Z3zRvxt0P6EKUAP
486,6feiJqgHqeSvkGUzf11AYs
487,4dTaAiV9xFFCxnPur9c9yL
488,0uXO2GrNiIb1xHT9LUdxZE
489,0siYMEsGrzzzlWLXK5zJfS
490,32H7fwKsaYtSl6qiXFI6I6
491,169YBmYRX0JNR3o4CJVWXY
492,0jD2Fa9VjjtkeCOWyQftdt
493,0WQRbcwmUd1fZ5AJcH5GDT
494,1sK8lWSdU9LftDYvckLd6V
495,5ZnV5RzUKhkxBRUGcMr1K4
496,4DPovSJonVPid3EDSxL9K8
497,3VXkaNgYFHOxbuOmKejypT
498,3G7lL3qz3jYYG8dfvyYpjn
499,2TfGYRcqttX6KLCkXgwSM7
501,0lUSd7TCG8srh6HpIAEIWL
502,6KHL1En9v6iNWjcs44mcmU
503,0ErK6K0kYr0Ow2RkPMhmMs
504,6rmXhRIemCTPyMYZRDN7Qg
505,1n73Qe6oEprLsUNHXET2pb
506,0MWiSBKm8Avs8iDIxcertp
507,6L2uVVPJA9WcDc7zCZ4DHN
508,76Tuo484SLohJakHLnGI3B
509,222B3aljXx6fFwKmFjuBED
510,02dphTJYUQ9pmdNC52iyOz
511,19vhfSUgVJO2enJ6XidUGO
512,5Q2uU5NGcS0mKwmgF28kRZ
513,4mTsRdFE28MYlrZo8N4Es0
514,0dQPkfweyWDzZ20Auq3F14
515,13RP005cDlNlZD23CIRUb1
516,0UOAT4gUVwMw2RzD5BqEEG
517,0ZICpziYDXDYmQ38hgJuXE
518,0Ovx9iLYedASzJLSYqOq06
519,6f24SOclNDFGUZGKaFBRny
520,1MqzIgGsHP4cNjPboevsfq
521,65uoaqX5qcjXZRheAj1qQT
522,6nGeLlakfzlBcFdZXteDq7
523,4FzGx0UiusrwGAyrDKZYrk
524,7FE0ThVWVTIHYKv14xlMVr
525,3lTGqzJbMYDHXbqeV8pt7d
526,0OhMbTki7PEfNoEqae126h
527,53cV42h1U35QKMpRCwjRa3
528,6xJouIXcEu4BPRT4wGsf11
529,5NRNaKM0jU1RQQ9C2l4SCZ
530,5xrtzzzikpG3BLbo4q1Yul
531,0pYacDCZuRhcrwGUA5nTBe
532,4as4XEOR03oGm1STUKl6pa
533,4Dr2hJ3EnVh2Aaot6fRwDO
534,5nCwjUUsmBuNZKn9Xu10Os
535,2g0LdZQce9xlcHb1mBJyuz
536,3y7ByLZ05tluscOTRgEJ9Y
537,3P3UA61WRQqwCXaoFOTENd
538,1SwZVVH9BnXtLRLi2cbFhw
539,06EMBzxDm2hueehobAlMtm
540,3CRDbSIZ4r5MsZ0YwxuEkn
541,2Z8WuEywRWYTKe1NybPQEW
542,6i0V12jOa3mr6uu4WYhUBr
543,23OXdR7YuUBVWh5hSnYJau
544,3bnVBN67NBEzedqQuWrpP4
545,2nG54Y4a3sH9YpfxMolOyi
546,5cbpoIu3YjoOwbBDGUEp3P
547,7i9763l5SSfOnqZ35VOcfy
548,36tghkPg1AO4HsAzo6YpPp
549,5HeKOKc4phmLn8e4I7EkzD
552,1FpVJ7HpZInE2GvhVE2TwT
553,69Sy7207dnixZ6w7RSV9Kb
554,3WBRfkOozHEsG0hbrBzwlm
555,3f4fc8c8unrQeKecmUPEDR
556,6zAiRKvAMlXHxEtyO4yxIO
557,5f2zZawBtGBEw24ABweErz
558,0ked784BOZ1JtRVHux98jE
559,66YtIqT0kN4958EXnCnAmE
560,0AOmbw8AwDnwXhHC3OhdVB
561,1qUHD9oPIMFHKpR12NY2KC
562,1RXoCep9hxApPfx8UFsGZk
563,3WG3wFBe9NgkWB1mNGE6fJ
564,33MnSYLvtOrbj5zwfioEiH
565,3b6uenXXbpCRxXyzFzWi3J
566,1591zSWxS0xqHniiIDowDQ
567,5tXPbEbEouMSEbqQHO0qQa
568,61nJplehv0WVUKMQX0pd8O
569,6MEc4axsWAJsOxu7ySKsHT
570,1oen3GpTcA486fTHaT7neg
571,0t7kjpVLgOYITrSfFCoBEA
572,0Me6SI6hgowLrZAKvtyVOg
573,1RTW9UthqmZwr8Od6CH4i8
574,3FuL8QGYM7NWj9YWFCEc5W
575,405SQUJdQut02dxtuQ0CZ3
576,1dHHWJNYz8SfuDnaV11e67
577,2WkPfNd237yc0l5KewCDpp
578,7JWXQE9QBQ8BAPFKAwnUWP
579,0U9jNoTJeTxXToakhsb7pV
580,1lXyxleB814ehGUXzsWNXu
581,1moFkZDqcjQNeXtyoanLHv
582,5GjnIpUlLGEIYk052ISOw9
583,3Nku6gLNqnwUuq8GLkqyhW
584,5pr0RW6itk3yEfJHkg4DIF
585,5pmbZWt1lYVMvZ12MSdtqF
586,3ADl2kvyEaYmL2jMrHgIot
587,08Cz11QoQysCqgDONUVXmL
588,2HXX7sAKE71YbJ5Wysju9e
589,5ScYUv4grVUOvOECp6TiKZ
590,4tCtwWceOPWzenK2HAIJSb
591,41Fflg7qHiVOD6dEPvsCzO
592,2ACOWPLUe4A4KuQ5ioD2od
593,0hO71r8vbnrXSaXVrR9ptF
594,0ABEVL7pgQLokhBcNJmozw
595,7nD9nN3jord9wWcfW3Gkcm
596,1COvXs6jaykXC73h9OSBVM
597,4rUTAkOU7OkVGeQuyQCHhF
598,0gL0Xf8CN95HmgfEYYLRZV
599,1PR5pyPiOEEQ02oJYq402x
